trial,dirichlet-alpha,classes-per-step,theta-exp,theta-alpha,lambda-kd,local-epochs,tau,trial_dir,avg_inc_acc,round,server_eval_acc,server_eval_loss,bwt,avg_forgetting,worst_class_forgetting,worst_class_forgetting_id,worst_class_bwt,worst_class_bwt_id,status
trial_0000,0.3,9,0.15,0.5,1.0,5,250,/FedProtoContinual/outputs/grid_search/trial_0000,0.14840041279669763,90,0.1393188854489164,14.06746727438534,-0.003056488470343272,0.2474316636682272,0.8,1,-0.8,1,ok
trial_0001,0.3,9,0.15,0.5,4.0,9,60,/FedProtoContinual/outputs/grid_search/trial_0001,0.14528567407824375,90,0.13126934984520125,14.291568512813226,0.013262489882583798,0.33998770213335405,1.0,1,-1.0,1,ok
trial_0002,0.3,9,0.15,0.5,1.0,7,120,/FedProtoContinual/outputs/grid_search/trial_0002,0.13975419833004973,90,0.12879256965944272,14.12899623433872,0.005301608742171173,0.28644624935825597,0.9777777777777777,1,-0.9777777777777777,1,ok
trial_0003,0.3,9,0.15,0.5,0.0,5,15,/FedProtoContinual/outputs/grid_search/trial_0003,0.13899615348531758,90,0.1325077399380805,11.622146046641442,-0.01746149538534533,0.3039778598293501,0.8,1,-0.8,1,ok
trial_0004,0.3,9,0.15,0.5,0.5,7,120,/FedProtoContinual/outputs/grid_search/trial_0004,0.13284548269068394,90,0.13622291021671826,13.78251037125248,0.004926714492125428,0.2908861220732393,0.9777777777777777,1,-0.9777777777777777,1,ok
trial_0005,0.3,9,0.15,0.5,2.0,5,15,/FedProtoContinual/outputs/grid_search/trial_0005,0.13720611689651938,90,0.13622291021671826,11.781160374691613,-0.007480275398150388,0.29934519591824715,0.8,1,-0.8,1,ok
trial_0006,0.3,9,0.15,0.5,2.0,3,60,/FedProtoContinual/outputs/grid_search/trial_0006,0.1365231259968102,90,0.1281733746130031,14.763851957055437,-0.00098958585747285,0.301544970288855,0.8,1,-0.5555555555555556,1,ok
trial_0007,0.3,9,0.15,0.5,1.0,7,30,/FedProtoContinual/outputs/grid_search/trial_0007,0.14435125246270755,90,0.14241486068111456,13.333551880449702,0.004682478346899908,0.3056101633126281,0.9777777777777777,1,-0.9777777777777777,1,ok
trial_0008,0.3,9,0.15,0.5,0.5,9,120,/FedProtoContinual/outputs/grid_search/trial_0008,0.1498076742658786,90,0.13808049535603714,14.194658734111963,0.01911759165669588,0.2977688394285766,1.0,1,-1.0,1,ok
trial_0009,0.3,9,0.15,0.5,2.0,3,30,/FedProtoContinual/outputs/grid_search/trial_0009,0.13378365700347125,90,0.12755417956656348,13.412277462607936,-0.01091997474471769,0.3056912827643011,0.7551020408163265,4,-0.5555555555555556,1,ok
trial_0010,0.3,9,0.15,0.5,1.0,5,15,/FedProtoContinual/outputs/grid_search/trial_0010,0.1370935359789849,90,0.13188854489164087,12.703218371506447,-0.01421114617448563,0.30354093966539886,0.7777777777777778,1,-0.7777777777777778,1,ok
trial_0011,0.3,9,0.15,0.5,2.0,7,250,/FedProtoContinual/outputs/grid_search/trial_0011,0.14131156768927666,90,0.13808049535603714,15.956068392065657,0.020142324429160714,0.25578569307952315,0.9777777777777777,1,-0.9777777777777777,1,ok
trial_0012,0.3,9,0.15,0.5,0.5,5,60,/FedProtoContinual/outputs/grid_search/trial_0012,0.14240735528661225,90,0.12321981424148606,14.552070674364781,-0.019020854258421947,0.29622574647939454,0.8,1,-0.8,1,ok
trial_0013,0.3,9,0.15,0.5,2.0,3,250,/FedProtoContinual/outputs/grid_search/trial_0013,0.13486818650905338,90,0.12260061919504645,10.640562240553345,-0.02341410302594631,0.28816213164584487,1.0,1,-0.6630434782608696,20,ok
trial_0014,0.3,9,0.15,0.5,0.0,9,60,/FedProtoContinual/outputs/grid_search/trial_0014,0.15120367764330614,90,0.14551083591331268,15.38296686887003,0.011915089430171433,0.3196135769126059,1.0,1,-1.0,1,ok
trial_0015,0.3,9,0.15,0.5,0.5,9,30,/FedProtoContinual/outputs/grid_search/trial_0015,0.14475279106858055,90,0.15913312693498452,14.27619823538482,0.024182296922096877,0.2847153877426988,1.0,1,-1.0,1,ok
trial_0016,0.3,9,0.15,0.5,4.0,5,15,/FedProtoContinual/outputs/grid_search/trial_0016,0.1386696688244676,90,0.12012383900928793,11.360100170407133,-0.02420848395151273,0.3159724652000116,0.8,1,-0.8,1,ok
trial_0017,0.3,9,0.15,0.5,0.0,7,60,/FedProtoContinual/outputs/grid_search/trial_0017,0.14273383994746222,90,0.15046439628482972,14.653447498994716,0.018110749656078878,0.2871759820315736,0.9777777777777777,1,-0.9777777777777777,1,ok
trial_0018,0.3,9,0.15,0.5,2.0,9,250,/FedProtoContinual/outputs/grid_search/trial_0018,0.15171779716671357,90,0.13126934984520125,13.789321190801568,0.008267652702576948,0.32016634921087905,1.0,1,-1.0,1,ok
trial_0019,0.3,9,0.15,0.5,0.5,7,60,/FedProtoContinual/outputs/grid_search/trial_0019,0.14247490383713293,90,0.14241486068111456,14.008605732637292,0.01500112010963318,0.29383477887556936,0.9777777777777777,1,-0.9777777777777777,1,ok
trial_0020,0.3,9,0.15,0.5,2.0,5,120,/FedProtoContinual/outputs/grid_search/trial_0020,0.13855333520968197,90,0.13993808049535603,14.386911265842686,-0.011179239195533548,0.2669877896637946,0.8,1,-0.8,1,ok
trial_0021,0.3,9,0.15,0.5,2.0,9,60,/FedProtoContinual/outputs/grid_search/trial_0021,0.14605497701472933,90,0.1325077399380805,15.971126086350196,0.011879380157256507,0.347317755941519,1.0,1,-1.0,1,ok
trial_0022,0.3,9,0.15,0.5,0.0,9,120,/FedProtoContinual/outputs/grid_search/trial_0022,0.14695562435500517,90,0.13498452012383902,16.49493332145384,0.01585120294231045,0.31704834156398254,1.0,1,-1.0,1,ok
trial_0023,0.3,9,0.15,0.5,0.5,9,250,/FedProtoContinual/outputs/grid_search/trial_0023,0.14859930575100855,90,0.1417956656346749,13.66144274070905,0.009695355034122919,0.3106128215238576,1.0,1,-1.0,1,ok
trial_0024,0.3,9,0.15,0.5,4.0,3,60,/FedProtoContinual/outputs/grid_search/trial_0024,0.1375438596491228,90,0.12198142414860681,15.18203498674989,-0.011965303356004287,0.3126724233872007,0.8,1,-0.5555555555555556,1,ok
trial_0025,0.3,9,0.15,0.5,0.0,5,250,/FedProtoContinual/outputs/grid_search/trial_0025,0.14719579697907872,90,0.13808049535603714,13.602752038347463,-0.012995664150896787,0.24952383716294152,0.8,1,-0.8,1,ok
trial_0026,0.3,9,0.15,0.5,1.0,3,60,/FedProtoContinual/outputs/grid_search/trial_0026,0.13813303311755323,90,0.11888544891640866,15.074205158812342,-0.013788771061983805,0.30980490694100016,0.8,1,-0.5555555555555556,1,ok
trial_0027,0.3,9,0.15,0.5,2.0,3,15,/FedProtoContinual/outputs/grid_search/trial_0027,0.14283516277324326,90,0.1195046439628483,10.501673317546077,0.005919676703566146,0.33655362239170156,0.7551020408163265,4,-0.5555555555555556,1,ok
trial_0028,0.3,9,0.15,0.5,2.0,7,30,/FedProtoContinual/outputs/grid_search/trial_0028,0.14684679613472182,90,0.14736842105263157,12.649192134514681,0.007404542446305869,0.3086147406345814,0.9777777777777777,1,-0.9777777777777777,1,ok
trial_0029,0.3,9,0.15,0.5,2.0,9,15,/FedProtoContinual/outputs/grid_search/trial_0029,0.14402476780185758,90,0.15665634674922602,14.259195961966972,0.03662364865930701,0.2859708403568899,1.0,1,-1.0,1,ok
