round,class_id,n,acc,bwt,forgetting
1,0,51,0.0,,
1,1,45,1.0,,
1,2,51,0.0,,
1,3,54,0.0,,
1,4,49,0.0,,
1,5,53,0.0,,
1,6,52,0.0,,
1,7,58,0.0,,
1,8,62,0.0,,
2,0,51,0.5490196078431373,0.5490196078431373,0.0
2,1,45,0.17777777777777778,-0.8222222222222222,0.8222222222222222
2,2,51,0.0,0.0,0.0
2,3,54,0.07407407407407407,0.07407407407407407,0.0
2,4,49,0.5918367346938775,0.5918367346938775,0.0
2,5,53,0.0,0.0,0.0
2,6,52,0.0,0.0,0.0
2,7,58,0.0,0.0,0.0
2,8,62,0.0,0.0,0.0
3,0,51,0.4117647058823529,0.4117647058823529,0.13725490196078438
3,1,45,0.35555555555555557,-0.6444444444444444,0.6444444444444444
3,2,51,0.0,0.0,0.0
3,3,54,0.12962962962962962,0.12962962962962962,0.0
3,4,49,0.4489795918367347,0.4489795918367347,0.14285714285714285
3,5,53,0.0,0.0,0.0
3,6,52,0.0,0.0,0.0
3,7,58,0.0,0.0,0.0
3,8,62,0.0,0.0,0.0
4,0,51,0.3333333333333333,0.3333333333333333,0.215686274509804
4,1,45,0.35555555555555557,-0.6444444444444444,0.6444444444444444
4,2,51,0.0196078431372549,0.0196078431372549,0.0
4,3,54,0.3888888888888889,0.3888888888888889,0.0
4,4,49,0.22448979591836735,0.22448979591836735,0.36734693877551017
4,5,53,0.11320754716981132,0.11320754716981132,0.0
4,6,52,0.11538461538461539,0.11538461538461539,0.0
4,7,58,0.034482758620689655,0.034482758620689655,0.0
4,8,62,0.1774193548387097,0.1774193548387097,0.0
5,0,51,0.29411764705882354,0.29411764705882354,0.25490196078431376
5,1,45,0.6222222222222222,-0.37777777777777777,0.37777777777777777
5,2,51,0.0,0.0,0.0196078431372549
5,3,54,0.2777777777777778,0.2777777777777778,0.1111111111111111
5,4,49,0.3673469387755102,0.3673469387755102,0.22448979591836732
5,5,53,0.09433962264150944,0.09433962264150944,0.018867924528301883
5,6,52,0.15384615384615385,0.15384615384615385,0.0
5,7,58,0.034482758620689655,0.034482758620689655,0.0
5,8,62,0.03225806451612903,0.03225806451612903,0.14516129032258066
6,0,51,0.29411764705882354,0.29411764705882354,0.25490196078431376
6,1,45,0.4444444444444444,-0.5555555555555556,0.5555555555555556
6,2,51,0.0,0.0,0.0196078431372549
6,3,54,0.3888888888888889,0.3888888888888889,0.0
6,4,49,0.40816326530612246,0.40816326530612246,0.18367346938775508
6,5,53,0.09433962264150944,0.09433962264150944,0.018867924528301883
6,6,52,0.07692307692307693,0.07692307692307693,0.07692307692307693
6,7,58,0.034482758620689655,0.034482758620689655,0.0
6,8,62,0.12903225806451613,0.12903225806451613,0.04838709677419356
7,0,51,0.29411764705882354,0.29411764705882354,0.25490196078431376
7,1,45,0.4444444444444444,-0.5555555555555556,0.5555555555555556
7,2,51,0.23529411764705882,0.23529411764705882,0.0
7,3,54,0.1111111111111111,0.1111111111111111,0.2777777777777778
7,4,49,0.46938775510204084,0.46938775510204084,0.1224489795918367
7,5,53,0.05660377358490566,0.05660377358490566,0.05660377358490566
7,6,52,0.019230769230769232,0.019230769230769232,0.13461538461538464
7,7,58,0.017241379310344827,0.017241379310344827,0.017241379310344827
7,8,62,0.0967741935483871,0.0967741935483871,0.08064516129032259
8,0,51,0.3333333333333333,0.3333333333333333,0.215686274509804
8,1,45,0.4888888888888889,-0.5111111111111111,0.5111111111111111
8,2,51,0.21568627450980393,0.21568627450980393,0.019607843137254888
8,3,54,0.05555555555555555,0.05555555555555555,0.33333333333333337
8,4,49,0.4489795918367347,0.4489795918367347,0.14285714285714285
8,5,53,0.11320754716981132,0.11320754716981132,0.0
8,6,52,0.057692307692307696,0.057692307692307696,0.09615384615384616
8,7,58,0.05172413793103448,0.05172413793103448,0.0
8,8,62,0.04838709677419355,0.04838709677419355,0.12903225806451613
9,0,51,0.23529411764705882,0.23529411764705882,0.3137254901960785
9,1,45,0.3333333333333333,-0.6666666666666667,0.6666666666666667
9,2,51,0.2549019607843137,0.2549019607843137,0.0
9,3,54,0.037037037037037035,0.037037037037037035,0.35185185185185186
9,4,49,0.46938775510204084,0.46938775510204084,0.1224489795918367
9,5,53,0.11320754716981132,0.11320754716981132,0.0
9,6,52,0.038461538461538464,0.038461538461538464,0.11538461538461539
9,7,58,0.05172413793103448,0.05172413793103448,0.0
9,8,62,0.12903225806451613,0.12903225806451613,0.04838709677419356
10,0,51,0.29411764705882354,0.29411764705882354,0.25490196078431376
10,1,45,0.5111111111111111,-0.48888888888888893,0.48888888888888893
10,2,51,0.21568627450980393,0.21568627450980393,0.039215686274509776
10,3,54,0.018518518518518517,0.018518518518518517,0.37037037037037035
10,4,49,0.3673469387755102,0.3673469387755102,0.22448979591836732
10,5,53,0.11320754716981132,0.11320754716981132,0.0
10,6,52,0.057692307692307696,0.057692307692307696,0.09615384615384616
10,7,58,0.034482758620689655,0.034482758620689655,0.017241379310344827
10,8,62,0.0967741935483871,0.0967741935483871,0.08064516129032259
11,0,51,0.0,0.0,0.5490196078431373
11,1,45,0.0,-1.0,1.0
11,2,51,0.0,0.0,0.2549019607843137
11,3,54,0.0,0.0,0.3888888888888889
11,4,49,0.0,0.0,0.5918367346938775
11,5,53,0.03773584905660377,0.03773584905660377,0.07547169811320756
11,6,52,0.0,0.0,0.15384615384615385
11,7,58,0.0,0.0,0.05172413793103448
11,8,62,0.0,0.0,0.1774193548387097
11,9,66,0.030303030303030304,,
11,10,71,0.0,,
11,11,68,0.0,,
11,12,54,0.0,,
11,13,66,0.0,,
11,14,60,0.0,,
11,15,54,0.037037037037037035,,
11,16,71,0.9859154929577465,,
11,17,60,0.0,,
12,0,51,0.0,0.0,0.5490196078431373
12,1,45,0.0,-1.0,1.0
12,2,51,0.0,0.0,0.2549019607843137
12,3,54,0.0,0.0,0.3888888888888889
12,4,49,0.0,0.0,0.5918367346938775
12,5,53,0.0,0.0,0.11320754716981132
12,6,52,0.0,0.0,0.15384615384615385
12,7,58,0.0,0.0,0.05172413793103448
12,8,62,0.0,0.0,0.1774193548387097
12,9,66,0.0,-0.030303030303030304,0.030303030303030304
12,10,71,0.0,0.0,0.0
12,11,68,0.25,0.25,0.0
12,12,54,0.05555555555555555,0.05555555555555555,0.0
12,13,66,0.6060606060606061,0.6060606060606061,0.0
12,14,60,0.15,0.15,0.0
12,15,54,0.0,-0.037037037037037035,0.037037037037037035
12,16,71,0.0,-0.9859154929577465,0.9859154929577465
12,17,60,0.4166666666666667,0.4166666666666667,0.0
13,0,51,0.0,0.0,0.5490196078431373
13,1,45,0.0,-1.0,1.0
13,2,51,0.0,0.0,0.2549019607843137
13,3,54,0.0,0.0,0.3888888888888889
13,4,49,0.0,0.0,0.5918367346938775
13,5,53,0.0,0.0,0.11320754716981132
13,6,52,0.0,0.0,0.15384615384615385
13,7,58,0.0,0.0,0.05172413793103448
13,8,62,0.0,0.0,0.1774193548387097
13,9,66,0.36363636363636365,0.33333333333333337,0.0
13,10,71,0.04225352112676056,0.04225352112676056,0.0
13,11,68,0.029411764705882353,0.029411764705882353,0.22058823529411764
13,12,54,0.5,0.5,0.0
13,13,66,0.030303030303030304,0.030303030303030304,0.5757575757575758
13,14,60,0.2,0.2,0.0
13,15,54,0.2777777777777778,0.24074074074074076,0.0
13,16,71,0.2112676056338028,-0.7746478873239437,0.7746478873239437
13,17,60,0.016666666666666666,0.016666666666666666,0.4
14,0,51,0.0,0.0,0.5490196078431373
14,1,45,0.0,-1.0,1.0
14,2,51,0.0,0.0,0.2549019607843137
14,3,54,0.0,0.0,0.3888888888888889
14,4,49,0.0,0.0,0.5918367346938775
14,5,53,0.0,0.0,0.11320754716981132
14,6,52,0.0,0.0,0.15384615384615385
14,7,58,0.0,0.0,0.05172413793103448
14,8,62,0.0,0.0,0.1774193548387097
14,9,66,0.3181818181818182,0.28787878787878785,0.04545454545454547
14,10,71,0.028169014084507043,0.028169014084507043,0.01408450704225352
14,11,68,0.2647058823529412,0.2647058823529412,0.0
14,12,54,0.25925925925925924,0.25925925925925924,0.24074074074074076
14,13,66,0.12121212121212122,0.12121212121212122,0.48484848484848486
14,14,60,0.2,0.2,0.0
14,15,54,0.25925925925925924,0.2222222222222222,0.018518518518518545
14,16,71,0.2676056338028169,-0.7183098591549296,0.7183098591549296
14,17,60,0.16666666666666666,0.16666666666666666,0.25
15,0,51,0.0,0.0,0.5490196078431373
15,1,45,0.0,-1.0,1.0
15,2,51,0.0,0.0,0.2549019607843137
15,3,54,0.0,0.0,0.3888888888888889
15,4,49,0.0,0.0,0.5918367346938775
15,5,53,0.0,0.0,0.11320754716981132
15,6,52,0.0,0.0,0.15384615384615385
15,7,58,0.0,0.0,0.05172413793103448
15,8,62,0.0,0.0,0.1774193548387097
15,9,66,0.42424242424242425,0.3939393939393939,0.0
15,10,71,0.04225352112676056,0.04225352112676056,0.0
15,11,68,0.17647058823529413,0.17647058823529413,0.08823529411764705
15,12,54,0.3888888888888889,0.3888888888888889,0.1111111111111111
15,13,66,0.15151515151515152,0.15151515151515152,0.4545454545454546
15,14,60,0.16666666666666666,0.16666666666666666,0.033333333333333354
15,15,54,0.35185185185185186,0.3148148148148148,0.0
15,16,71,0.3380281690140845,-0.647887323943662,0.647887323943662
15,17,60,0.1,0.1,0.31666666666666665
16,0,51,0.0,0.0,0.5490196078431373
16,1,45,0.0,-1.0,1.0
16,2,51,0.0,0.0,0.2549019607843137
16,3,54,0.0,0.0,0.3888888888888889
16,4,49,0.0,0.0,0.5918367346938775
16,5,53,0.0,0.0,0.11320754716981132
16,6,52,0.0,0.0,0.15384615384615385
16,7,58,0.0,0.0,0.05172413793103448
16,8,62,0.0,0.0,0.1774193548387097
16,9,66,0.4090909090909091,0.3787878787878788,0.015151515151515138
16,10,71,0.028169014084507043,0.028169014084507043,0.01408450704225352
16,11,68,0.19117647058823528,0.19117647058823528,0.0735294117647059
16,12,54,0.3148148148148148,0.3148148148148148,0.18518518518518517
16,13,66,0.16666666666666666,0.16666666666666666,0.43939393939393945
16,14,60,0.15,0.15,0.05000000000000002
16,15,54,0.37037037037037035,0.3333333333333333,0.0
16,16,71,0.38028169014084506,-0.6056338028169015,0.6056338028169015
16,17,60,0.1,0.1,0.31666666666666665
17,0,51,0.0,0.0,0.5490196078431373
17,1,45,0.0,-1.0,1.0
17,2,51,0.0,0.0,0.2549019607843137
17,3,54,0.0,0.0,0.3888888888888889
17,4,49,0.0,0.0,0.5918367346938775
17,5,53,0.0,0.0,0.11320754716981132
17,6,52,0.0,0.0,0.15384615384615385
17,7,58,0.0,0.0,0.05172413793103448
17,8,62,0.0,0.0,0.1774193548387097
17,9,66,0.4393939393939394,0.40909090909090906,0.0
17,10,71,0.04225352112676056,0.04225352112676056,0.0
17,11,68,0.14705882352941177,0.14705882352941177,0.11764705882352941
17,12,54,0.37037037037037035,0.37037037037037035,0.12962962962962965
17,13,66,0.15151515151515152,0.15151515151515152,0.4545454545454546
17,14,60,0.18333333333333332,0.18333333333333332,0.01666666666666669
17,15,54,0.4074074074074074,0.37037037037037035,0.0
17,16,71,0.352112676056338,-0.6338028169014085,0.6338028169014085
17,17,60,0.11666666666666667,0.11666666666666667,0.30000000000000004
18,0,51,0.0,0.0,0.5490196078431373
18,1,45,0.0,-1.0,1.0
18,2,51,0.0,0.0,0.2549019607843137
18,3,54,0.0,0.0,0.3888888888888889
18,4,49,0.0,0.0,0.5918367346938775
18,5,53,0.0,0.0,0.11320754716981132
18,6,52,0.0,0.0,0.15384615384615385
18,7,58,0.0,0.0,0.05172413793103448
18,8,62,0.0,0.0,0.1774193548387097
18,9,66,0.5,0.4696969696969697,0.0
18,10,71,0.04225352112676056,0.04225352112676056,0.0
18,11,68,0.14705882352941177,0.14705882352941177,0.11764705882352941
18,12,54,0.35185185185185186,0.35185185185185186,0.14814814814814814
18,13,66,0.12121212121212122,0.12121212121212122,0.48484848484848486
18,14,60,0.18333333333333332,0.18333333333333332,0.01666666666666669
18,15,54,0.5,0.46296296296296297,0.0
18,16,71,0.38028169014084506,-0.6056338028169015,0.6056338028169015
18,17,60,0.08333333333333333,0.08333333333333333,0.33333333333333337
19,0,51,0.0,0.0,0.5490196078431373
19,1,45,0.0,-1.0,1.0
19,2,51,0.0,0.0,0.2549019607843137
19,3,54,0.0,0.0,0.3888888888888889
19,4,49,0.0,0.0,0.5918367346938775
19,5,53,0.0,0.0,0.11320754716981132
19,6,52,0.0,0.0,0.15384615384615385
19,7,58,0.0,0.0,0.05172413793103448
19,8,62,0.0,0.0,0.1774193548387097
19,9,66,0.5,0.4696969696969697,0.0
19,10,71,0.04225352112676056,0.04225352112676056,0.0
19,11,68,0.1323529411764706,0.1323529411764706,0.1323529411764706
19,12,54,0.3888888888888889,0.3888888888888889,0.1111111111111111
19,13,66,0.12121212121212122,0.12121212121212122,0.48484848484848486
19,14,60,0.15,0.15,0.05000000000000002
19,15,54,0.48148148148148145,0.4444444444444444,0.018518518518518545
19,16,71,0.39436619718309857,-0.591549295774648,0.591549295774648
19,17,60,0.13333333333333333,0.13333333333333333,0.2833333333333333
20,0,51,0.0,0.0,0.5490196078431373
20,1,45,0.0,-1.0,1.0
20,2,51,0.0,0.0,0.2549019607843137
20,3,54,0.0,0.0,0.3888888888888889
20,4,49,0.0,0.0,0.5918367346938775
20,5,53,0.0,0.0,0.11320754716981132
20,6,52,0.0,0.0,0.15384615384615385
20,7,58,0.0,0.0,0.05172413793103448
20,8,62,0.0,0.0,0.1774193548387097
20,9,66,0.5303030303030303,0.5,0.0
20,10,71,0.028169014084507043,0.028169014084507043,0.01408450704225352
20,11,68,0.14705882352941177,0.14705882352941177,0.11764705882352941
20,12,54,0.3888888888888889,0.3888888888888889,0.1111111111111111
20,13,66,0.12121212121212122,0.12121212121212122,0.48484848484848486
20,14,60,0.1,0.1,0.1
20,15,54,0.5,0.46296296296296297,0.0
20,16,71,0.4507042253521127,-0.5352112676056338,0.5352112676056338
20,17,60,0.08333333333333333,0.08333333333333333,0.33333333333333337
21,0,51,0.0,0.0,0.5490196078431373
21,1,45,0.0,-1.0,1.0
21,2,51,0.0,0.0,0.2549019607843137
21,3,54,0.0,0.0,0.3888888888888889
21,4,49,0.0,0.0,0.5918367346938775
21,5,53,0.0,0.0,0.11320754716981132
21,6,52,0.0,0.0,0.15384615384615385
21,7,58,0.0,0.0,0.05172413793103448
21,8,62,0.0,0.0,0.1774193548387097
21,9,66,0.0,-0.030303030303030304,0.5303030303030303
21,10,71,0.0,0.0,0.04225352112676056
21,11,68,0.0,0.0,0.2647058823529412
21,12,54,0.0,0.0,0.5
21,13,66,0.0,0.0,0.6060606060606061
21,14,60,0.0,0.0,0.2
21,15,54,0.0,-0.037037037037037035,0.5
21,16,71,0.0,-0.9859154929577465,0.9859154929577465
21,17,60,0.0,0.0,0.4166666666666667
21,18,66,0.0,,
21,19,52,0.0,,
21,20,92,0.0,,
21,21,55,0.18181818181818182,,
21,22,57,0.8245614035087719,,
21,23,46,0.0,,
21,24,48,0.0,,
21,25,81,0.0,,
21,26,73,0.0,,
22,0,51,0.0,0.0,0.5490196078431373
22,1,45,0.0,-1.0,1.0
22,2,51,0.0,0.0,0.2549019607843137
22,3,54,0.0,0.0,0.3888888888888889
22,4,49,0.0,0.0,0.5918367346938775
22,5,53,0.0,0.0,0.11320754716981132
22,6,52,0.0,0.0,0.15384615384615385
22,7,58,0.0,0.0,0.05172413793103448
22,8,62,0.0,0.0,0.1774193548387097
22,9,66,0.0,-0.030303030303030304,0.5303030303030303
22,10,71,0.0,0.0,0.04225352112676056
22,11,68,0.0,0.0,0.2647058823529412
22,12,54,0.0,0.0,0.5
22,13,66,0.0,0.0,0.6060606060606061
22,14,60,0.0,0.0,0.2
22,15,54,0.0,-0.037037037037037035,0.5
22,16,71,0.0,-0.9859154929577465,0.9859154929577465
22,17,60,0.0,0.0,0.4166666666666667
22,18,66,0.0,0.0,0.0
22,19,52,0.46153846153846156,0.46153846153846156,0.0
22,20,92,0.06521739130434782,0.06521739130434782,0.0
22,21,55,0.0,-0.18181818181818182,0.18181818181818182
22,22,57,0.0,-0.8245614035087719,0.8245614035087719
22,23,46,0.2391304347826087,0.2391304347826087,0.0
22,24,48,0.7916666666666666,0.7916666666666666,0.0
22,25,81,0.4567901234567901,0.4567901234567901,0.0
22,26,73,0.1643835616438356,0.1643835616438356,0.0
23,0,51,0.0,0.0,0.5490196078431373
23,1,45,0.0,-1.0,1.0
23,2,51,0.0,0.0,0.2549019607843137
23,3,54,0.0,0.0,0.3888888888888889
23,4,49,0.0,0.0,0.5918367346938775
23,5,53,0.0,0.0,0.11320754716981132
23,6,52,0.0,0.0,0.15384615384615385
23,7,58,0.0,0.0,0.05172413793103448
23,8,62,0.0,0.0,0.1774193548387097
23,9,66,0.0,-0.030303030303030304,0.5303030303030303
23,10,71,0.0,0.0,0.04225352112676056
23,11,68,0.0,0.0,0.2647058823529412
23,12,54,0.0,0.0,0.5
23,13,66,0.0,0.0,0.6060606060606061
23,14,60,0.0,0.0,0.2
23,15,54,0.0,-0.037037037037037035,0.5
23,16,71,0.0,-0.9859154929577465,0.9859154929577465
23,17,60,0.0,0.0,0.4166666666666667
23,18,66,0.696969696969697,0.696969696969697,0.0
23,19,52,0.36538461538461536,0.36538461538461536,0.0961538461538462
23,20,92,0.05434782608695652,0.05434782608695652,0.010869565217391304
23,21,55,0.32727272727272727,0.14545454545454545,0.0
23,22,57,0.07017543859649122,-0.7543859649122807,0.7543859649122807
23,23,46,0.391304347826087,0.391304347826087,0.0
23,24,48,0.0,0.0,0.7916666666666666
23,25,81,0.19753086419753085,0.19753086419753085,0.25925925925925924
23,26,73,0.0,0.0,0.1643835616438356
24,0,51,0.0,0.0,0.5490196078431373
24,1,45,0.0,-1.0,1.0
24,2,51,0.0,0.0,0.2549019607843137
24,3,54,0.0,0.0,0.3888888888888889
24,4,49,0.0,0.0,0.5918367346938775
24,5,53,0.0,0.0,0.11320754716981132
24,6,52,0.0,0.0,0.15384615384615385
24,7,58,0.0,0.0,0.05172413793103448
24,8,62,0.0,0.0,0.1774193548387097
24,9,66,0.0,-0.030303030303030304,0.5303030303030303
24,10,71,0.0,0.0,0.04225352112676056
24,11,68,0.0,0.0,0.2647058823529412
24,12,54,0.0,0.0,0.5
24,13,66,0.0,0.0,0.6060606060606061
24,14,60,0.0,0.0,0.2
24,15,54,0.0,-0.037037037037037035,0.5
24,16,71,0.0,-0.9859154929577465,0.9859154929577465
24,17,60,0.0,0.0,0.4166666666666667
24,18,66,0.5757575757575758,0.5757575757575758,0.12121212121212122
24,19,52,0.36538461538461536,0.36538461538461536,0.0961538461538462
24,20,92,0.358695652173913,0.358695652173913,0.0
24,21,55,0.18181818181818182,0.0,0.14545454545454545
24,22,57,0.03508771929824561,-0.7894736842105263,0.7894736842105263
24,23,46,0.5,0.5,0.0
24,24,48,0.2916666666666667,0.2916666666666667,0.49999999999999994
24,25,81,0.3333333333333333,0.3333333333333333,0.12345679012345678
24,26,73,0.1095890410958904,0.1095890410958904,0.0547945205479452
25,0,51,0.0,0.0,0.5490196078431373
25,1,45,0.0,-1.0,1.0
25,2,51,0.0,0.0,0.2549019607843137
25,3,54,0.0,0.0,0.3888888888888889
25,4,49,0.0,0.0,0.5918367346938775
25,5,53,0.0,0.0,0.11320754716981132
25,6,52,0.0,0.0,0.15384615384615385
25,7,58,0.0,0.0,0.05172413793103448
25,8,62,0.0,0.0,0.1774193548387097
25,9,66,0.0,-0.030303030303030304,0.5303030303030303
25,10,71,0.0,0.0,0.04225352112676056
25,11,68,0.0,0.0,0.2647058823529412
25,12,54,0.0,0.0,0.5
25,13,66,0.0,0.0,0.6060606060606061
25,14,60,0.0,0.0,0.2
25,15,54,0.0,-0.037037037037037035,0.5
25,16,71,0.0,-0.9859154929577465,0.9859154929577465
25,17,60,0.0,0.0,0.4166666666666667
25,18,66,0.6515151515151515,0.6515151515151515,0.045454545454545525
25,19,52,0.3269230769230769,0.3269230769230769,0.13461538461538464
25,20,92,0.358695652173913,0.358695652173913,0.0
25,21,55,0.3090909090909091,0.12727272727272726,0.018181818181818188
25,22,57,0.05263157894736842,-0.7719298245614035,0.7719298245614035
25,23,46,0.2608695652173913,0.2608695652173913,0.2391304347826087
25,24,48,0.22916666666666666,0.22916666666666666,0.5625
25,25,81,0.345679012345679,0.345679012345679,0.1111111111111111
25,26,73,0.1232876712328767,0.1232876712328767,0.0410958904109589
26,0,51,0.0,0.0,0.5490196078431373
26,1,45,0.0,-1.0,1.0
26,2,51,0.0,0.0,0.2549019607843137
26,3,54,0.0,0.0,0.3888888888888889
26,4,49,0.0,0.0,0.5918367346938775
26,5,53,0.0,0.0,0.11320754716981132
26,6,52,0.0,0.0,0.15384615384615385
26,7,58,0.0,0.0,0.05172413793103448
26,8,62,0.0,0.0,0.1774193548387097
26,9,66,0.0,-0.030303030303030304,0.5303030303030303
26,10,71,0.0,0.0,0.04225352112676056
26,11,68,0.0,0.0,0.2647058823529412
26,12,54,0.0,0.0,0.5
26,13,66,0.0,0.0,0.6060606060606061
26,14,60,0.0,0.0,0.2
26,15,54,0.0,-0.037037037037037035,0.5
26,16,71,0.0,-0.9859154929577465,0.9859154929577465
26,17,60,0.0,0.0,0.4166666666666667
26,18,66,0.5151515151515151,0.5151515151515151,0.18181818181818188
26,19,52,0.40384615384615385,0.40384615384615385,0.05769230769230771
26,20,92,0.391304347826087,0.391304347826087,0.0
26,21,55,0.3090909090909091,0.12727272727272726,0.018181818181818188
26,22,57,0.10526315789473684,-0.7192982456140351,0.7192982456140351
26,23,46,0.41304347826086957,0.41304347826086957,0.08695652173913043
26,24,48,0.3541666666666667,0.3541666666666667,0.43749999999999994
26,25,81,0.37037037037037035,0.37037037037037035,0.08641975308641975
26,26,73,0.2054794520547945,0.2054794520547945,0.0
27,0,51,0.0,0.0,0.5490196078431373
27,1,45,0.0,-1.0,1.0
27,2,51,0.0,0.0,0.2549019607843137
27,3,54,0.0,0.0,0.3888888888888889
27,4,49,0.0,0.0,0.5918367346938775
27,5,53,0.0,0.0,0.11320754716981132
27,6,52,0.0,0.0,0.15384615384615385
27,7,58,0.0,0.0,0.05172413793103448
27,8,62,0.0,0.0,0.1774193548387097
27,9,66,0.0,-0.030303030303030304,0.5303030303030303
27,10,71,0.0,0.0,0.04225352112676056
27,11,68,0.0,0.0,0.2647058823529412
27,12,54,0.0,0.0,0.5
27,13,66,0.0,0.0,0.6060606060606061
27,14,60,0.0,0.0,0.2
27,15,54,0.0,-0.037037037037037035,0.5
27,16,71,0.0,-0.9859154929577465,0.9859154929577465
27,17,60,0.0,0.0,0.4166666666666667
27,18,66,0.5909090909090909,0.5909090909090909,0.10606060606060608
27,19,52,0.38461538461538464,0.38461538461538464,0.07692307692307693
27,20,92,0.34782608695652173,0.34782608695652173,0.043478260869565244
27,21,55,0.36363636363636365,0.18181818181818182,0.0
27,22,57,0.10526315789473684,-0.7192982456140351,0.7192982456140351
27,23,46,0.15217391304347827,0.15217391304347827,0.34782608695652173
27,24,48,0.3333333333333333,0.3333333333333333,0.4583333333333333
27,25,81,0.41975308641975306,0.41975308641975306,0.037037037037037035
27,26,73,0.2465753424657534,0.2465753424657534,0.0
28,0,51,0.0,0.0,0.5490196078431373
28,1,45,0.0,-1.0,1.0
28,2,51,0.0,0.0,0.2549019607843137
28,3,54,0.0,0.0,0.3888888888888889
28,4,49,0.0,0.0,0.5918367346938775
28,5,53,0.0,0.0,0.11320754716981132
28,6,52,0.0,0.0,0.15384615384615385
28,7,58,0.0,0.0,0.05172413793103448
28,8,62,0.0,0.0,0.1774193548387097
28,9,66,0.0,-0.030303030303030304,0.5303030303030303
28,10,71,0.0,0.0,0.04225352112676056
28,11,68,0.0,0.0,0.2647058823529412
28,12,54,0.0,0.0,0.5
28,13,66,0.0,0.0,0.6060606060606061
28,14,60,0.0,0.0,0.2
28,15,54,0.0,-0.037037037037037035,0.5
28,16,71,0.0,-0.9859154929577465,0.9859154929577465
28,17,60,0.0,0.0,0.4166666666666667
28,18,66,0.5,0.5,0.19696969696969702
28,19,52,0.40384615384615385,0.40384615384615385,0.05769230769230771
28,20,92,0.358695652173913,0.358695652173913,0.03260869565217395
28,21,55,0.41818181818181815,0.23636363636363633,0.0
28,22,57,0.15789473684210525,-0.6666666666666667,0.6666666666666667
28,23,46,0.2826086956521739,0.2826086956521739,0.2173913043478261
28,24,48,0.375,0.375,0.41666666666666663
28,25,81,0.4567901234567901,0.4567901234567901,0.0
28,26,73,0.2054794520547945,0.2054794520547945,0.0410958904109589
29,0,51,0.0,0.0,0.5490196078431373
29,1,45,0.0,-1.0,1.0
29,2,51,0.0,0.0,0.2549019607843137
29,3,54,0.0,0.0,0.3888888888888889
29,4,49,0.0,0.0,0.5918367346938775
29,5,53,0.0,0.0,0.11320754716981132
29,6,52,0.0,0.0,0.15384615384615385
29,7,58,0.0,0.0,0.05172413793103448
29,8,62,0.0,0.0,0.1774193548387097
29,9,66,0.0,-0.030303030303030304,0.5303030303030303
29,10,71,0.0,0.0,0.04225352112676056
29,11,68,0.0,0.0,0.2647058823529412
29,12,54,0.0,0.0,0.5
29,13,66,0.0,0.0,0.6060606060606061
29,14,60,0.0,0.0,0.2
29,15,54,0.0,-0.037037037037037035,0.5
29,16,71,0.0,-0.9859154929577465,0.9859154929577465
29,17,60,0.0,0.0,0.4166666666666667
29,18,66,0.5454545454545454,0.5454545454545454,0.1515151515151516
29,19,52,0.36538461538461536,0.36538461538461536,0.0961538461538462
29,20,92,0.30434782608695654,0.30434782608695654,0.08695652173913043
29,21,55,0.36363636363636365,0.18181818181818182,0.05454545454545451
29,22,57,0.15789473684210525,-0.6666666666666667,0.6666666666666667
29,23,46,0.1956521739130435,0.1956521739130435,0.30434782608695654
29,24,48,0.4375,0.4375,0.35416666666666663
29,25,81,0.5555555555555556,0.5555555555555556,0.0
29,26,73,0.273972602739726,0.273972602739726,0.0
30,0,51,0.0,0.0,0.5490196078431373
30,1,45,0.0,-1.0,1.0
30,2,51,0.0,0.0,0.2549019607843137
30,3,54,0.0,0.0,0.3888888888888889
30,4,49,0.0,0.0,0.5918367346938775
30,5,53,0.0,0.0,0.11320754716981132
30,6,52,0.0,0.0,0.15384615384615385
30,7,58,0.0,0.0,0.05172413793103448
30,8,62,0.0,0.0,0.1774193548387097
30,9,66,0.0,-0.030303030303030304,0.5303030303030303
30,10,71,0.0,0.0,0.04225352112676056
30,11,68,0.0,0.0,0.2647058823529412
30,12,54,0.0,0.0,0.5
30,13,66,0.0,0.0,0.6060606060606061
30,14,60,0.0,0.0,0.2
30,15,54,0.0,-0.037037037037037035,0.5
30,16,71,0.0,-0.9859154929577465,0.9859154929577465
30,17,60,0.0,0.0,0.4166666666666667
30,18,66,0.6515151515151515,0.6515151515151515,0.045454545454545525
30,19,52,0.3269230769230769,0.3269230769230769,0.13461538461538464
30,20,92,0.33695652173913043,0.33695652173913043,0.05434782608695654
30,21,55,0.2909090909090909,0.10909090909090907,0.12727272727272726
30,22,57,0.15789473684210525,-0.6666666666666667,0.6666666666666667
30,23,46,0.17391304347826086,0.17391304347826086,0.32608695652173914
30,24,48,0.14583333333333334,0.14583333333333334,0.6458333333333333
30,25,81,0.49382716049382713,0.49382716049382713,0.06172839506172845
30,26,73,0.3013698630136986,0.3013698630136986,0.0
31,0,51,0.0,0.0,0.5490196078431373
31,1,45,0.0,-1.0,1.0
31,2,51,0.0,0.0,0.2549019607843137
31,3,54,0.0,0.0,0.3888888888888889
31,4,49,0.0,0.0,0.5918367346938775
31,5,53,0.0,0.0,0.11320754716981132
31,6,52,0.0,0.0,0.15384615384615385
31,7,58,0.0,0.0,0.05172413793103448
31,8,62,0.0,0.0,0.1774193548387097
31,9,66,0.0,-0.030303030303030304,0.5303030303030303
31,10,71,0.0,0.0,0.04225352112676056
31,11,68,0.0,0.0,0.2647058823529412
31,12,54,0.0,0.0,0.5
31,13,66,0.0,0.0,0.6060606060606061
31,14,60,0.0,0.0,0.2
31,15,54,0.0,-0.037037037037037035,0.5
31,16,71,0.0,-0.9859154929577465,0.9859154929577465
31,17,60,0.0,0.0,0.4166666666666667
31,18,66,0.5757575757575758,0.5757575757575758,0.12121212121212122
31,19,52,0.36538461538461536,0.36538461538461536,0.0961538461538462
31,20,92,0.29347826086956524,0.29347826086956524,0.09782608695652173
31,21,55,0.38181818181818183,0.2,0.03636363636363632
31,22,57,0.22807017543859648,-0.5964912280701755,0.5964912280701755
31,23,46,0.21739130434782608,0.21739130434782608,0.28260869565217395
31,24,48,0.4166666666666667,0.4166666666666667,0.37499999999999994
31,25,81,0.5185185185185185,0.5185185185185185,0.03703703703703709
31,26,73,0.2328767123287671,0.2328767123287671,0.0684931506849315
32,0,51,0.0,0.0,0.5490196078431373
32,1,45,0.0,-1.0,1.0
32,2,51,0.0,0.0,0.2549019607843137
32,3,54,0.0,0.0,0.3888888888888889
32,4,49,0.0,0.0,0.5918367346938775
32,5,53,0.0,0.0,0.11320754716981132
32,6,52,0.0,0.0,0.15384615384615385
32,7,58,0.0,0.0,0.05172413793103448
32,8,62,0.0,0.0,0.1774193548387097
32,9,66,0.0,-0.030303030303030304,0.5303030303030303
32,10,71,0.0,0.0,0.04225352112676056
32,11,68,0.0,0.0,0.2647058823529412
32,12,54,0.0,0.0,0.5
32,13,66,0.0,0.0,0.6060606060606061
32,14,60,0.0,0.0,0.2
32,15,54,0.0,-0.037037037037037035,0.5
32,16,71,0.0,-0.9859154929577465,0.9859154929577465
32,17,60,0.0,0.0,0.4166666666666667
32,18,66,0.6363636363636364,0.6363636363636364,0.06060606060606066
32,19,52,0.38461538461538464,0.38461538461538464,0.07692307692307693
32,20,92,0.32608695652173914,0.32608695652173914,0.06521739130434784
32,21,55,0.32727272727272727,0.14545454545454545,0.09090909090909088
32,22,57,0.15789473684210525,-0.6666666666666667,0.6666666666666667
32,23,46,0.21739130434782608,0.21739130434782608,0.28260869565217395
32,24,48,0.16666666666666666,0.16666666666666666,0.625
32,25,81,0.5432098765432098,0.5432098765432098,0.012345679012345734
32,26,73,0.3013698630136986,0.3013698630136986,0.0
33,0,51,0.0,0.0,0.5490196078431373
33,1,45,0.0,-1.0,1.0
33,2,51,0.0,0.0,0.2549019607843137
33,3,54,0.0,0.0,0.3888888888888889
33,4,49,0.0,0.0,0.5918367346938775
33,5,53,0.0,0.0,0.11320754716981132
33,6,52,0.0,0.0,0.15384615384615385
33,7,58,0.0,0.0,0.05172413793103448
33,8,62,0.0,0.0,0.1774193548387097
33,9,66,0.0,-0.030303030303030304,0.5303030303030303
33,10,71,0.0,0.0,0.04225352112676056
33,11,68,0.0,0.0,0.2647058823529412
33,12,54,0.0,0.0,0.5
33,13,66,0.0,0.0,0.6060606060606061
33,14,60,0.0,0.0,0.2
33,15,54,0.0,-0.037037037037037035,0.5
33,16,71,0.0,-0.9859154929577465,0.9859154929577465
33,17,60,0.0,0.0,0.4166666666666667
33,18,66,0.5757575757575758,0.5757575757575758,0.12121212121212122
33,19,52,0.34615384615384615,0.34615384615384615,0.11538461538461542
33,20,92,0.29347826086956524,0.29347826086956524,0.09782608695652173
33,21,55,0.3090909090909091,0.12727272727272726,0.10909090909090907
33,22,57,0.21052631578947367,-0.6140350877192983,0.6140350877192983
33,23,46,0.1956521739130435,0.1956521739130435,0.30434782608695654
33,24,48,0.4166666666666667,0.4166666666666667,0.37499999999999994
33,25,81,0.5802469135802469,0.5802469135802469,0.0
33,26,73,0.2054794520547945,0.2054794520547945,0.0958904109589041
34,0,51,0.0,0.0,0.5490196078431373
34,1,45,0.0,-1.0,1.0
34,2,51,0.0,0.0,0.2549019607843137
34,3,54,0.0,0.0,0.3888888888888889
34,4,49,0.0,0.0,0.5918367346938775
34,5,53,0.0,0.0,0.11320754716981132
34,6,52,0.0,0.0,0.15384615384615385
34,7,58,0.0,0.0,0.05172413793103448
34,8,62,0.0,0.0,0.1774193548387097
34,9,66,0.0,-0.030303030303030304,0.5303030303030303
34,10,71,0.0,0.0,0.04225352112676056
34,11,68,0.0,0.0,0.2647058823529412
34,12,54,0.0,0.0,0.5
34,13,66,0.0,0.0,0.6060606060606061
34,14,60,0.0,0.0,0.2
34,15,54,0.0,-0.037037037037037035,0.5
34,16,71,0.0,-0.9859154929577465,0.9859154929577465
34,17,60,0.0,0.0,0.4166666666666667
34,18,66,0.6666666666666666,0.6666666666666666,0.030303030303030387
34,19,52,0.34615384615384615,0.34615384615384615,0.11538461538461542
34,20,92,0.2717391304347826,0.2717391304347826,0.11956521739130438
34,21,55,0.23636363636363636,0.054545454545454536,0.1818181818181818
34,22,57,0.19298245614035087,-0.631578947368421,0.631578947368421
34,23,46,0.21739130434782608,0.21739130434782608,0.28260869565217395
34,24,48,0.08333333333333333,0.08333333333333333,0.7083333333333333
34,25,81,0.5432098765432098,0.5432098765432098,0.03703703703703709
34,26,73,0.2876712328767123,0.2876712328767123,0.0136986301369863
35,0,51,0.0,0.0,0.5490196078431373
35,1,45,0.0,-1.0,1.0
35,2,51,0.0,0.0,0.2549019607843137
35,3,54,0.0,0.0,0.3888888888888889
35,4,49,0.0,0.0,0.5918367346938775
35,5,53,0.0,0.0,0.11320754716981132
35,6,52,0.0,0.0,0.15384615384615385
35,7,58,0.0,0.0,0.05172413793103448
35,8,62,0.0,0.0,0.1774193548387097
35,9,66,0.0,-0.030303030303030304,0.5303030303030303
35,10,71,0.0,0.0,0.04225352112676056
35,11,68,0.0,0.0,0.2647058823529412
35,12,54,0.0,0.0,0.5
35,13,66,0.0,0.0,0.6060606060606061
35,14,60,0.0,0.0,0.2
35,15,54,0.0,-0.037037037037037035,0.5
35,16,71,0.0,-0.9859154929577465,0.9859154929577465
35,17,60,0.0,0.0,0.4166666666666667
35,18,66,0.5303030303030303,0.5303030303030303,0.16666666666666674
35,19,52,0.34615384615384615,0.34615384615384615,0.11538461538461542
35,20,92,0.2608695652173913,0.2608695652173913,0.13043478260869568
35,21,55,0.23636363636363636,0.054545454545454536,0.1818181818181818
35,22,57,0.3333333333333333,-0.4912280701754386,0.4912280701754386
35,23,46,0.17391304347826086,0.17391304347826086,0.32608695652173914
35,24,48,0.4375,0.4375,0.35416666666666663
35,25,81,0.6049382716049383,0.6049382716049383,0.0
35,26,73,0.2191780821917808,0.2191780821917808,0.0821917808219178
36,0,51,0.0,0.0,0.5490196078431373
36,1,45,0.0,-1.0,1.0
36,2,51,0.0,0.0,0.2549019607843137
36,3,54,0.0,0.0,0.3888888888888889
36,4,49,0.0,0.0,0.5918367346938775
36,5,53,0.0,0.0,0.11320754716981132
36,6,52,0.0,0.0,0.15384615384615385
36,7,58,0.0,0.0,0.05172413793103448
36,8,62,0.0,0.0,0.1774193548387097
36,9,66,0.0,-0.030303030303030304,0.5303030303030303
36,10,71,0.0,0.0,0.04225352112676056
36,11,68,0.0,0.0,0.2647058823529412
36,12,54,0.0,0.0,0.5
36,13,66,0.0,0.0,0.6060606060606061
36,14,60,0.0,0.0,0.2
36,15,54,0.0,-0.037037037037037035,0.5
36,16,71,0.0,-0.9859154929577465,0.9859154929577465
36,17,60,0.0,0.0,0.4166666666666667
36,18,66,0.6666666666666666,0.6666666666666666,0.030303030303030387
36,19,52,0.38461538461538464,0.38461538461538464,0.07692307692307693
36,20,92,0.25,0.25,0.14130434782608697
36,21,55,0.36363636363636365,0.18181818181818182,0.05454545454545451
36,22,57,0.21052631578947367,-0.6140350877192983,0.6140350877192983
36,23,46,0.21739130434782608,0.21739130434782608,0.28260869565217395
36,24,48,0.10416666666666667,0.10416666666666667,0.6875
36,25,81,0.5679012345679012,0.5679012345679012,0.03703703703703709
36,26,73,0.2876712328767123,0.2876712328767123,0.0136986301369863
37,0,51,0.0,0.0,0.5490196078431373
37,1,45,0.0,-1.0,1.0
37,2,51,0.0,0.0,0.2549019607843137
37,3,54,0.0,0.0,0.3888888888888889
37,4,49,0.0,0.0,0.5918367346938775
37,5,53,0.0,0.0,0.11320754716981132
37,6,52,0.0,0.0,0.15384615384615385
37,7,58,0.0,0.0,0.05172413793103448
37,8,62,0.0,0.0,0.1774193548387097
37,9,66,0.0,-0.030303030303030304,0.5303030303030303
37,10,71,0.0,0.0,0.04225352112676056
37,11,68,0.0,0.0,0.2647058823529412
37,12,54,0.0,0.0,0.5
37,13,66,0.0,0.0,0.6060606060606061
37,14,60,0.0,0.0,0.2
37,15,54,0.0,-0.037037037037037035,0.5
37,16,71,0.0,-0.9859154929577465,0.9859154929577465
37,17,60,0.0,0.0,0.4166666666666667
37,18,66,0.5151515151515151,0.5151515151515151,0.18181818181818188
37,19,52,0.3269230769230769,0.3269230769230769,0.13461538461538464
37,20,92,0.2717391304347826,0.2717391304347826,0.11956521739130438
37,21,55,0.21818181818181817,0.03636363636363635,0.19999999999999998
37,22,57,0.3684210526315789,-0.456140350877193,0.456140350877193
37,23,46,0.21739130434782608,0.21739130434782608,0.28260869565217395
37,24,48,0.4791666666666667,0.4791666666666667,0.31249999999999994
37,25,81,0.6172839506172839,0.6172839506172839,0.0
37,26,73,0.1780821917808219,0.1780821917808219,0.1232876712328767
38,0,51,0.0,0.0,0.5490196078431373
38,1,45,0.0,-1.0,1.0
38,2,51,0.0,0.0,0.2549019607843137
38,3,54,0.0,0.0,0.3888888888888889
38,4,49,0.0,0.0,0.5918367346938775
38,5,53,0.0,0.0,0.11320754716981132
38,6,52,0.0,0.0,0.15384615384615385
38,7,58,0.0,0.0,0.05172413793103448
38,8,62,0.0,0.0,0.1774193548387097
38,9,66,0.0,-0.030303030303030304,0.5303030303030303
38,10,71,0.0,0.0,0.04225352112676056
38,11,68,0.0,0.0,0.2647058823529412
38,12,54,0.0,0.0,0.5
38,13,66,0.0,0.0,0.6060606060606061
38,14,60,0.0,0.0,0.2
38,15,54,0.0,-0.037037037037037035,0.5
38,16,71,0.0,-0.9859154929577465,0.9859154929577465
38,17,60,0.0,0.0,0.4166666666666667
38,18,66,0.5757575757575758,0.5757575757575758,0.12121212121212122
38,19,52,0.36538461538461536,0.36538461538461536,0.0961538461538462
38,20,92,0.2391304347826087,0.2391304347826087,0.15217391304347827
38,21,55,0.3090909090909091,0.12727272727272726,0.10909090909090907
38,22,57,0.24561403508771928,-0.5789473684210527,0.5789473684210527
38,23,46,0.2391304347826087,0.2391304347826087,0.2608695652173913
38,24,48,0.10416666666666667,0.10416666666666667,0.6875
38,25,81,0.5802469135802469,0.5802469135802469,0.03703703703703698
38,26,73,0.3150684931506849,0.3150684931506849,0.0
39,0,51,0.0,0.0,0.5490196078431373
39,1,45,0.0,-1.0,1.0
39,2,51,0.0,0.0,0.2549019607843137
39,3,54,0.0,0.0,0.3888888888888889
39,4,49,0.0,0.0,0.5918367346938775
39,5,53,0.0,0.0,0.11320754716981132
39,6,52,0.0,0.0,0.15384615384615385
39,7,58,0.0,0.0,0.05172413793103448
39,8,62,0.0,0.0,0.1774193548387097
39,9,66,0.0,-0.030303030303030304,0.5303030303030303
39,10,71,0.0,0.0,0.04225352112676056
39,11,68,0.0,0.0,0.2647058823529412
39,12,54,0.0,0.0,0.5
39,13,66,0.0,0.0,0.6060606060606061
39,14,60,0.0,0.0,0.2
39,15,54,0.0,-0.037037037037037035,0.5
39,16,71,0.0,-0.9859154929577465,0.9859154929577465
39,17,60,0.0,0.0,0.4166666666666667
39,18,66,0.5454545454545454,0.5454545454545454,0.1515151515151516
39,19,52,0.3076923076923077,0.3076923076923077,0.15384615384615385
39,20,92,0.2391304347826087,0.2391304347826087,0.15217391304347827
39,21,55,0.21818181818181817,0.03636363636363635,0.19999999999999998
39,22,57,0.38596491228070173,-0.4385964912280702,0.4385964912280702
39,23,46,0.21739130434782608,0.21739130434782608,0.28260869565217395
39,24,48,0.4791666666666667,0.4791666666666667,0.31249999999999994
39,25,81,0.6419753086419753,0.6419753086419753,0.0
39,26,73,0.2328767123287671,0.2328767123287671,0.0821917808219178
40,0,51,0.0,0.0,0.5490196078431373
40,1,45,0.0,-1.0,1.0
40,2,51,0.0,0.0,0.2549019607843137
40,3,54,0.0,0.0,0.3888888888888889
40,4,49,0.0,0.0,0.5918367346938775
40,5,53,0.0,0.0,0.11320754716981132
40,6,52,0.0,0.0,0.15384615384615385
40,7,58,0.0,0.0,0.05172413793103448
40,8,62,0.0,0.0,0.1774193548387097
40,9,66,0.0,-0.030303030303030304,0.5303030303030303
40,10,71,0.0,0.0,0.04225352112676056
40,11,68,0.0,0.0,0.2647058823529412
40,12,54,0.0,0.0,0.5
40,13,66,0.0,0.0,0.6060606060606061
40,14,60,0.0,0.0,0.2
40,15,54,0.0,-0.037037037037037035,0.5
40,16,71,0.0,-0.9859154929577465,0.9859154929577465
40,17,60,0.0,0.0,0.4166666666666667
40,18,66,0.5757575757575758,0.5757575757575758,0.12121212121212122
40,19,52,0.3076923076923077,0.3076923076923077,0.15384615384615385
40,20,92,0.2608695652173913,0.2608695652173913,0.13043478260869568
40,21,55,0.2545454545454545,0.0727272727272727,0.16363636363636364
40,22,57,0.3333333333333333,-0.4912280701754386,0.4912280701754386
40,23,46,0.21739130434782608,0.21739130434782608,0.28260869565217395
40,24,48,0.1875,0.1875,0.6041666666666666
40,25,81,0.6296296296296297,0.6296296296296297,0.012345679012345623
40,26,73,0.2876712328767123,0.2876712328767123,0.0273972602739726
41,0,51,0.0,0.0,0.5490196078431373
41,1,45,0.0,-1.0,1.0
41,2,51,0.0,0.0,0.2549019607843137
41,3,54,0.0,0.0,0.3888888888888889
41,4,49,0.0,0.0,0.5918367346938775
41,5,53,0.0,0.0,0.11320754716981132
41,6,52,0.0,0.0,0.15384615384615385
41,7,58,0.0,0.0,0.05172413793103448
41,8,62,0.0,0.0,0.1774193548387097
41,9,66,0.0,-0.030303030303030304,0.5303030303030303
41,10,71,0.0,0.0,0.04225352112676056
41,11,68,0.0,0.0,0.2647058823529412
41,12,54,0.0,0.0,0.5
41,13,66,0.0,0.0,0.6060606060606061
41,14,60,0.0,0.0,0.2
41,15,54,0.0,-0.037037037037037035,0.5
41,16,71,0.0,-0.9859154929577465,0.9859154929577465
41,17,60,0.0,0.0,0.4166666666666667
41,18,66,0.5454545454545454,0.5454545454545454,0.1515151515151516
41,19,52,0.3269230769230769,0.3269230769230769,0.13461538461538464
41,20,92,0.2391304347826087,0.2391304347826087,0.15217391304347827
41,21,55,0.18181818181818182,0.0,0.23636363636363633
41,22,57,0.2982456140350877,-0.5263157894736843,0.5263157894736843
41,23,46,0.21739130434782608,0.21739130434782608,0.28260869565217395
41,24,48,0.4583333333333333,0.4583333333333333,0.3333333333333333
41,25,81,0.6049382716049383,0.6049382716049383,0.03703703703703698
41,26,73,0.2191780821917808,0.2191780821917808,0.0958904109589041
42,0,51,0.0,0.0,0.5490196078431373
42,1,45,0.0,-1.0,1.0
42,2,51,0.0,0.0,0.2549019607843137
42,3,54,0.0,0.0,0.3888888888888889
42,4,49,0.0,0.0,0.5918367346938775
42,5,53,0.0,0.0,0.11320754716981132
42,6,52,0.0,0.0,0.15384615384615385
42,7,58,0.0,0.0,0.05172413793103448
42,8,62,0.0,0.0,0.1774193548387097
42,9,66,0.0,-0.030303030303030304,0.5303030303030303
42,10,71,0.0,0.0,0.04225352112676056
42,11,68,0.0,0.0,0.2647058823529412
42,12,54,0.0,0.0,0.5
42,13,66,0.0,0.0,0.6060606060606061
42,14,60,0.0,0.0,0.2
42,15,54,0.0,-0.037037037037037035,0.5
42,16,71,0.0,-0.9859154929577465,0.9859154929577465
42,17,60,0.0,0.0,0.4166666666666667
42,18,66,0.6212121212121212,0.6212121212121212,0.0757575757575758
42,19,52,0.28846153846153844,0.28846153846153844,0.17307692307692313
42,20,92,0.2391304347826087,0.2391304347826087,0.15217391304347827
42,21,55,0.14545454545454545,-0.036363636363636376,0.2727272727272727
42,22,57,0.3333333333333333,-0.4912280701754386,0.4912280701754386
42,23,46,0.1956521739130435,0.1956521739130435,0.30434782608695654
42,24,48,0.08333333333333333,0.08333333333333333,0.7083333333333333
42,25,81,0.6790123456790124,0.6790123456790124,0.0
42,26,73,0.3561643835616438,0.3561643835616438,0.0
43,0,51,0.0,0.0,0.5490196078431373
43,1,45,0.0,-1.0,1.0
43,2,51,0.0,0.0,0.2549019607843137
43,3,54,0.0,0.0,0.3888888888888889
43,4,49,0.0,0.0,0.5918367346938775
43,5,53,0.0,0.0,0.11320754716981132
43,6,52,0.0,0.0,0.15384615384615385
43,7,58,0.0,0.0,0.05172413793103448
43,8,62,0.0,0.0,0.1774193548387097
43,9,66,0.0,-0.030303030303030304,0.5303030303030303
43,10,71,0.0,0.0,0.04225352112676056
43,11,68,0.0,0.0,0.2647058823529412
43,12,54,0.0,0.0,0.5
43,13,66,0.0,0.0,0.6060606060606061
43,14,60,0.0,0.0,0.2
43,15,54,0.0,-0.037037037037037035,0.5
43,16,71,0.0,-0.9859154929577465,0.9859154929577465
43,17,60,0.0,0.0,0.4166666666666667
43,18,66,0.4696969696969697,0.4696969696969697,0.2272727272727273
43,19,52,0.3269230769230769,0.3269230769230769,0.13461538461538464
43,20,92,0.20652173913043478,0.20652173913043478,0.1847826086956522
43,21,55,0.2909090909090909,0.10909090909090907,0.12727272727272726
43,22,57,0.3508771929824561,-0.4736842105263158,0.4736842105263158
43,23,46,0.21739130434782608,0.21739130434782608,0.28260869565217395
43,24,48,0.4583333333333333,0.4583333333333333,0.3333333333333333
43,25,81,0.5679012345679012,0.5679012345679012,0.11111111111111116
43,26,73,0.2054794520547945,0.2054794520547945,0.1506849315068493
44,0,51,0.0,0.0,0.5490196078431373
44,1,45,0.0,-1.0,1.0
44,2,51,0.0,0.0,0.2549019607843137
44,3,54,0.0,0.0,0.3888888888888889
44,4,49,0.0,0.0,0.5918367346938775
44,5,53,0.0,0.0,0.11320754716981132
44,6,52,0.0,0.0,0.15384615384615385
44,7,58,0.0,0.0,0.05172413793103448
44,8,62,0.0,0.0,0.1774193548387097
44,9,66,0.0,-0.030303030303030304,0.5303030303030303
44,10,71,0.0,0.0,0.04225352112676056
44,11,68,0.0,0.0,0.2647058823529412
44,12,54,0.0,0.0,0.5
44,13,66,0.0,0.0,0.6060606060606061
44,14,60,0.0,0.0,0.2
44,15,54,0.0,-0.037037037037037035,0.5
44,16,71,0.0,-0.9859154929577465,0.9859154929577465
44,17,60,0.0,0.0,0.4166666666666667
44,18,66,0.5606060606060606,0.5606060606060606,0.13636363636363646
44,19,52,0.3076923076923077,0.3076923076923077,0.15384615384615385
44,20,92,0.18478260869565216,0.18478260869565216,0.2065217391304348
44,21,55,0.18181818181818182,0.0,0.23636363636363633
44,22,57,0.3508771929824561,-0.4736842105263158,0.4736842105263158
44,23,46,0.32608695652173914,0.32608695652173914,0.17391304347826086
44,24,48,0.22916666666666666,0.22916666666666666,0.5625
44,25,81,0.6419753086419753,0.6419753086419753,0.03703703703703709
44,26,73,0.3013698630136986,0.3013698630136986,0.0547945205479452
45,0,51,0.0,0.0,0.5490196078431373
45,1,45,0.0,-1.0,1.0
45,2,51,0.0,0.0,0.2549019607843137
45,3,54,0.0,0.0,0.3888888888888889
45,4,49,0.0,0.0,0.5918367346938775
45,5,53,0.0,0.0,0.11320754716981132
45,6,52,0.0,0.0,0.15384615384615385
45,7,58,0.0,0.0,0.05172413793103448
45,8,62,0.0,0.0,0.1774193548387097
45,9,66,0.0,-0.030303030303030304,0.5303030303030303
45,10,71,0.0,0.0,0.04225352112676056
45,11,68,0.0,0.0,0.2647058823529412
45,12,54,0.0,0.0,0.5
45,13,66,0.0,0.0,0.6060606060606061
45,14,60,0.0,0.0,0.2
45,15,54,0.0,-0.037037037037037035,0.5
45,16,71,0.0,-0.9859154929577465,0.9859154929577465
45,17,60,0.0,0.0,0.4166666666666667
45,18,66,0.5,0.5,0.19696969696969702
45,19,52,0.25,0.25,0.21153846153846156
45,20,92,0.2391304347826087,0.2391304347826087,0.15217391304347827
45,21,55,0.18181818181818182,0.0,0.23636363636363633
45,22,57,0.3333333333333333,-0.4912280701754386,0.4912280701754386
45,23,46,0.2608695652173913,0.2608695652173913,0.2391304347826087
45,24,48,0.3958333333333333,0.3958333333333333,0.3958333333333333
45,25,81,0.654320987654321,0.654320987654321,0.024691358024691357
45,26,73,0.3150684931506849,0.3150684931506849,0.0410958904109589
46,0,51,0.0,0.0,0.5490196078431373
46,1,45,0.0,-1.0,1.0
46,2,51,0.0,0.0,0.2549019607843137
46,3,54,0.0,0.0,0.3888888888888889
46,4,49,0.0,0.0,0.5918367346938775
46,5,53,0.0,0.0,0.11320754716981132
46,6,52,0.0,0.0,0.15384615384615385
46,7,58,0.0,0.0,0.05172413793103448
46,8,62,0.0,0.0,0.1774193548387097
46,9,66,0.0,-0.030303030303030304,0.5303030303030303
46,10,71,0.0,0.0,0.04225352112676056
46,11,68,0.0,0.0,0.2647058823529412
46,12,54,0.0,0.0,0.5
46,13,66,0.0,0.0,0.6060606060606061
46,14,60,0.0,0.0,0.2
46,15,54,0.0,-0.037037037037037035,0.5
46,16,71,0.0,-0.9859154929577465,0.9859154929577465
46,17,60,0.0,0.0,0.4166666666666667
46,18,66,0.5909090909090909,0.5909090909090909,0.10606060606060608
46,19,52,0.3076923076923077,0.3076923076923077,0.15384615384615385
46,20,92,0.21739130434782608,0.21739130434782608,0.1739130434782609
46,21,55,0.14545454545454545,-0.036363636363636376,0.2727272727272727
46,22,57,0.3684210526315789,-0.456140350877193,0.456140350877193
46,23,46,0.32608695652173914,0.32608695652173914,0.17391304347826086
46,24,48,0.22916666666666666,0.22916666666666666,0.5625
46,25,81,0.6419753086419753,0.6419753086419753,0.03703703703703709
46,26,73,0.2876712328767123,0.2876712328767123,0.0684931506849315
47,0,51,0.0,0.0,0.5490196078431373
47,1,45,0.0,-1.0,1.0
47,2,51,0.0,0.0,0.2549019607843137
47,3,54,0.0,0.0,0.3888888888888889
47,4,49,0.0,0.0,0.5918367346938775
47,5,53,0.0,0.0,0.11320754716981132
47,6,52,0.0,0.0,0.15384615384615385
47,7,58,0.0,0.0,0.05172413793103448
47,8,62,0.0,0.0,0.1774193548387097
47,9,66,0.0,-0.030303030303030304,0.5303030303030303
47,10,71,0.0,0.0,0.04225352112676056
47,11,68,0.0,0.0,0.2647058823529412
47,12,54,0.0,0.0,0.5
47,13,66,0.0,0.0,0.6060606060606061
47,14,60,0.0,0.0,0.2
47,15,54,0.0,-0.037037037037037035,0.5
47,16,71,0.0,-0.9859154929577465,0.9859154929577465
47,17,60,0.0,0.0,0.4166666666666667
47,18,66,0.5,0.5,0.19696969696969702
47,19,52,0.3269230769230769,0.3269230769230769,0.13461538461538464
47,20,92,0.21739130434782608,0.21739130434782608,0.1739130434782609
47,21,55,0.2,0.018181818181818188,0.21818181818181814
47,22,57,0.3333333333333333,-0.4912280701754386,0.4912280701754386
47,23,46,0.1956521739130435,0.1956521739130435,0.30434782608695654
47,24,48,0.3125,0.3125,0.47916666666666663
47,25,81,0.6172839506172839,0.6172839506172839,0.06172839506172845
47,26,73,0.3287671232876712,0.3287671232876712,0.0273972602739726
48,0,51,0.0,0.0,0.5490196078431373
48,1,45,0.0,-1.0,1.0
48,2,51,0.0,0.0,0.2549019607843137
48,3,54,0.0,0.0,0.3888888888888889
48,4,49,0.0,0.0,0.5918367346938775
48,5,53,0.0,0.0,0.11320754716981132
48,6,52,0.0,0.0,0.15384615384615385
48,7,58,0.0,0.0,0.05172413793103448
48,8,62,0.0,0.0,0.1774193548387097
48,9,66,0.0,-0.030303030303030304,0.5303030303030303
48,10,71,0.0,0.0,0.04225352112676056
48,11,68,0.0,0.0,0.2647058823529412
48,12,54,0.0,0.0,0.5
48,13,66,0.0,0.0,0.6060606060606061
48,14,60,0.0,0.0,0.2
48,15,54,0.0,-0.037037037037037035,0.5
48,16,71,0.0,-0.9859154929577465,0.9859154929577465
48,17,60,0.0,0.0,0.4166666666666667
48,18,66,0.5151515151515151,0.5151515151515151,0.18181818181818188
48,19,52,0.40384615384615385,0.40384615384615385,0.05769230769230771
48,20,92,0.1956521739130435,0.1956521739130435,0.1956521739130435
48,21,55,0.14545454545454545,-0.036363636363636376,0.2727272727272727
48,22,57,0.3684210526315789,-0.456140350877193,0.456140350877193
48,23,46,0.3695652173913043,0.3695652173913043,0.13043478260869568
48,24,48,0.20833333333333334,0.20833333333333334,0.5833333333333333
48,25,81,0.6296296296296297,0.6296296296296297,0.04938271604938271
48,26,73,0.2876712328767123,0.2876712328767123,0.0684931506849315
49,0,51,0.0,0.0,0.5490196078431373
49,1,45,0.0,-1.0,1.0
49,2,51,0.0,0.0,0.2549019607843137
49,3,54,0.0,0.0,0.3888888888888889
49,4,49,0.0,0.0,0.5918367346938775
49,5,53,0.0,0.0,0.11320754716981132
49,6,52,0.0,0.0,0.15384615384615385
49,7,58,0.0,0.0,0.05172413793103448
49,8,62,0.0,0.0,0.1774193548387097
49,9,66,0.0,-0.030303030303030304,0.5303030303030303
49,10,71,0.0,0.0,0.04225352112676056
49,11,68,0.0,0.0,0.2647058823529412
49,12,54,0.0,0.0,0.5
49,13,66,0.0,0.0,0.6060606060606061
49,14,60,0.0,0.0,0.2
49,15,54,0.0,-0.037037037037037035,0.5
49,16,71,0.0,-0.9859154929577465,0.9859154929577465
49,17,60,0.0,0.0,0.4166666666666667
49,18,66,0.5757575757575758,0.5757575757575758,0.12121212121212122
49,19,52,0.34615384615384615,0.34615384615384615,0.11538461538461542
49,20,92,0.21739130434782608,0.21739130434782608,0.1739130434782609
49,21,55,0.16363636363636364,-0.018181818181818188,0.2545454545454545
49,22,57,0.38596491228070173,-0.4385964912280702,0.4385964912280702
49,23,46,0.1956521739130435,0.1956521739130435,0.30434782608695654
49,24,48,0.4791666666666667,0.4791666666666667,0.31249999999999994
49,25,81,0.6666666666666666,0.6666666666666666,0.012345679012345734
49,26,73,0.2876712328767123,0.2876712328767123,0.0684931506849315
50,0,51,0.0,0.0,0.5490196078431373
50,1,45,0.0,-1.0,1.0
50,2,51,0.0,0.0,0.2549019607843137
50,3,54,0.0,0.0,0.3888888888888889
50,4,49,0.0,0.0,0.5918367346938775
50,5,53,0.0,0.0,0.11320754716981132
50,6,52,0.0,0.0,0.15384615384615385
50,7,58,0.0,0.0,0.05172413793103448
50,8,62,0.0,0.0,0.1774193548387097
50,9,66,0.0,-0.030303030303030304,0.5303030303030303
50,10,71,0.0,0.0,0.04225352112676056
50,11,68,0.0,0.0,0.2647058823529412
50,12,54,0.0,0.0,0.5
50,13,66,0.0,0.0,0.6060606060606061
50,14,60,0.0,0.0,0.2
50,15,54,0.0,-0.037037037037037035,0.5
50,16,71,0.0,-0.9859154929577465,0.9859154929577465
50,17,60,0.0,0.0,0.4166666666666667
50,18,66,0.5606060606060606,0.5606060606060606,0.13636363636363646
50,19,52,0.4423076923076923,0.4423076923076923,0.019230769230769273
50,20,92,0.14130434782608695,0.14130434782608695,0.25
50,21,55,0.2727272727272727,0.09090909090909088,0.14545454545454545
50,22,57,0.38596491228070173,-0.4385964912280702,0.4385964912280702
50,23,46,0.32608695652173914,0.32608695652173914,0.17391304347826086
50,24,48,0.125,0.125,0.6666666666666666
50,25,81,0.654320987654321,0.654320987654321,0.024691358024691357
50,26,73,0.273972602739726,0.273972602739726,0.0821917808219178
51,0,51,0.0,0.0,0.5490196078431373
51,1,45,0.0,-1.0,1.0
51,2,51,0.0,0.0,0.2549019607843137
51,3,54,0.0,0.0,0.3888888888888889
51,4,49,0.0,0.0,0.5918367346938775
51,5,53,0.0,0.0,0.11320754716981132
51,6,52,0.0,0.0,0.15384615384615385
51,7,58,0.0,0.0,0.05172413793103448
51,8,62,0.0,0.0,0.1774193548387097
51,9,66,0.0,-0.030303030303030304,0.5303030303030303
51,10,71,0.0,0.0,0.04225352112676056
51,11,68,0.0,0.0,0.2647058823529412
51,12,54,0.0,0.0,0.5
51,13,66,0.0,0.0,0.6060606060606061
51,14,60,0.0,0.0,0.2
51,15,54,0.0,-0.037037037037037035,0.5
51,16,71,0.0,-0.9859154929577465,0.9859154929577465
51,17,60,0.0,0.0,0.4166666666666667
51,18,66,0.5757575757575758,0.5757575757575758,0.12121212121212122
51,19,52,0.40384615384615385,0.40384615384615385,0.05769230769230771
51,20,92,0.20652173913043478,0.20652173913043478,0.1847826086956522
51,21,55,0.16363636363636364,-0.018181818181818188,0.2545454545454545
51,22,57,0.3508771929824561,-0.4736842105263158,0.4736842105263158
51,23,46,0.17391304347826086,0.17391304347826086,0.32608695652173914
51,24,48,0.4583333333333333,0.4583333333333333,0.3333333333333333
51,25,81,0.6419753086419753,0.6419753086419753,0.03703703703703709
51,26,73,0.3287671232876712,0.3287671232876712,0.0273972602739726
52,0,51,0.0,0.0,0.5490196078431373
52,1,45,0.0,-1.0,1.0
52,2,51,0.0,0.0,0.2549019607843137
52,3,54,0.0,0.0,0.3888888888888889
52,4,49,0.0,0.0,0.5918367346938775
52,5,53,0.0,0.0,0.11320754716981132
52,6,52,0.0,0.0,0.15384615384615385
52,7,58,0.0,0.0,0.05172413793103448
52,8,62,0.0,0.0,0.1774193548387097
52,9,66,0.0,-0.030303030303030304,0.5303030303030303
52,10,71,0.0,0.0,0.04225352112676056
52,11,68,0.0,0.0,0.2647058823529412
52,12,54,0.0,0.0,0.5
52,13,66,0.0,0.0,0.6060606060606061
52,14,60,0.0,0.0,0.2
52,15,54,0.0,-0.037037037037037035,0.5
52,16,71,0.0,-0.9859154929577465,0.9859154929577465
52,17,60,0.0,0.0,0.4166666666666667
52,18,66,0.5,0.5,0.19696969696969702
52,19,52,0.40384615384615385,0.40384615384615385,0.05769230769230771
52,20,92,0.20652173913043478,0.20652173913043478,0.1847826086956522
52,21,55,0.2,0.018181818181818188,0.21818181818181814
52,22,57,0.3684210526315789,-0.456140350877193,0.456140350877193
52,23,46,0.32608695652173914,0.32608695652173914,0.17391304347826086
52,24,48,0.14583333333333334,0.14583333333333334,0.6458333333333333
52,25,81,0.6790123456790124,0.6790123456790124,0.0
52,26,73,0.3287671232876712,0.3287671232876712,0.0273972602739726
53,0,51,0.0,0.0,0.5490196078431373
53,1,45,0.0,-1.0,1.0
53,2,51,0.0,0.0,0.2549019607843137
53,3,54,0.0,0.0,0.3888888888888889
53,4,49,0.0,0.0,0.5918367346938775
53,5,53,0.0,0.0,0.11320754716981132
53,6,52,0.0,0.0,0.15384615384615385
53,7,58,0.0,0.0,0.05172413793103448
53,8,62,0.0,0.0,0.1774193548387097
53,9,66,0.0,-0.030303030303030304,0.5303030303030303
53,10,71,0.0,0.0,0.04225352112676056
53,11,68,0.0,0.0,0.2647058823529412
53,12,54,0.0,0.0,0.5
53,13,66,0.0,0.0,0.6060606060606061
53,14,60,0.0,0.0,0.2
53,15,54,0.0,-0.037037037037037035,0.5
53,16,71,0.0,-0.9859154929577465,0.9859154929577465
53,17,60,0.0,0.0,0.4166666666666667
53,18,66,0.5454545454545454,0.5454545454545454,0.1515151515151516
53,19,52,0.36538461538461536,0.36538461538461536,0.0961538461538462
53,20,92,0.20652173913043478,0.20652173913043478,0.1847826086956522
53,21,55,0.09090909090909091,-0.09090909090909091,0.32727272727272727
53,22,57,0.3684210526315789,-0.456140350877193,0.456140350877193
53,23,46,0.2826086956521739,0.2826086956521739,0.2173913043478261
53,24,48,0.4583333333333333,0.4583333333333333,0.3333333333333333
53,25,81,0.6049382716049383,0.6049382716049383,0.07407407407407407
53,26,73,0.3013698630136986,0.3013698630136986,0.0547945205479452
54,0,51,0.0,0.0,0.5490196078431373
54,1,45,0.0,-1.0,1.0
54,2,51,0.0,0.0,0.2549019607843137
54,3,54,0.0,0.0,0.3888888888888889
54,4,49,0.0,0.0,0.5918367346938775
54,5,53,0.0,0.0,0.11320754716981132
54,6,52,0.0,0.0,0.15384615384615385
54,7,58,0.0,0.0,0.05172413793103448
54,8,62,0.0,0.0,0.1774193548387097
54,9,66,0.0,-0.030303030303030304,0.5303030303030303
54,10,71,0.0,0.0,0.04225352112676056
54,11,68,0.0,0.0,0.2647058823529412
54,12,54,0.0,0.0,0.5
54,13,66,0.0,0.0,0.6060606060606061
54,14,60,0.0,0.0,0.2
54,15,54,0.0,-0.037037037037037035,0.5
54,16,71,0.0,-0.9859154929577465,0.9859154929577465
54,17,60,0.0,0.0,0.4166666666666667
54,18,66,0.5454545454545454,0.5454545454545454,0.1515151515151516
54,19,52,0.36538461538461536,0.36538461538461536,0.0961538461538462
54,20,92,0.16304347826086957,0.16304347826086957,0.2282608695652174
54,21,55,0.21818181818181817,0.03636363636363635,0.19999999999999998
54,22,57,0.40350877192982454,-0.4210526315789474,0.4210526315789474
54,23,46,0.2826086956521739,0.2826086956521739,0.2173913043478261
54,24,48,0.14583333333333334,0.14583333333333334,0.6458333333333333
54,25,81,0.654320987654321,0.654320987654321,0.024691358024691357
54,26,73,0.3561643835616438,0.3561643835616438,0.0
55,0,51,0.0,0.0,0.5490196078431373
55,1,45,0.0,-1.0,1.0
55,2,51,0.0,0.0,0.2549019607843137
55,3,54,0.0,0.0,0.3888888888888889
55,4,49,0.0,0.0,0.5918367346938775
55,5,53,0.0,0.0,0.11320754716981132
55,6,52,0.0,0.0,0.15384615384615385
55,7,58,0.0,0.0,0.05172413793103448
55,8,62,0.0,0.0,0.1774193548387097
55,9,66,0.0,-0.030303030303030304,0.5303030303030303
55,10,71,0.0,0.0,0.04225352112676056
55,11,68,0.0,0.0,0.2647058823529412
55,12,54,0.0,0.0,0.5
55,13,66,0.0,0.0,0.6060606060606061
55,14,60,0.0,0.0,0.2
55,15,54,0.0,-0.037037037037037035,0.5
55,16,71,0.0,-0.9859154929577465,0.9859154929577465
55,17,60,0.0,0.0,0.4166666666666667
55,18,66,0.48484848484848486,0.48484848484848486,0.21212121212121215
55,19,52,0.4230769230769231,0.4230769230769231,0.03846153846153849
55,20,92,0.18478260869565216,0.18478260869565216,0.2065217391304348
55,21,55,0.07272727272727272,-0.1090909090909091,0.34545454545454546
55,22,57,0.3508771929824561,-0.4736842105263158,0.4736842105263158
55,23,46,0.32608695652173914,0.32608695652173914,0.17391304347826086
55,24,48,0.4375,0.4375,0.35416666666666663
55,25,81,0.6296296296296297,0.6296296296296297,0.04938271604938271
55,26,73,0.2191780821917808,0.2191780821917808,0.136986301369863
56,0,51,0.0,0.0,0.5490196078431373
56,1,45,0.0,-1.0,1.0
56,2,51,0.0,0.0,0.2549019607843137
56,3,54,0.0,0.0,0.3888888888888889
56,4,49,0.0,0.0,0.5918367346938775
56,5,53,0.0,0.0,0.11320754716981132
56,6,52,0.0,0.0,0.15384615384615385
56,7,58,0.0,0.0,0.05172413793103448
56,8,62,0.0,0.0,0.1774193548387097
56,9,66,0.0,-0.030303030303030304,0.5303030303030303
56,10,71,0.0,0.0,0.04225352112676056
56,11,68,0.0,0.0,0.2647058823529412
56,12,54,0.0,0.0,0.5
56,13,66,0.0,0.0,0.6060606060606061
56,14,60,0.0,0.0,0.2
56,15,54,0.0,-0.037037037037037035,0.5
56,16,71,0.0,-0.9859154929577465,0.9859154929577465
56,17,60,0.0,0.0,0.4166666666666667
56,18,66,0.5909090909090909,0.5909090909090909,0.10606060606060608
56,19,52,0.38461538461538464,0.38461538461538464,0.07692307692307693
56,20,92,0.13043478260869565,0.13043478260869565,0.26086956521739135
56,21,55,0.21818181818181817,0.03636363636363635,0.19999999999999998
56,22,57,0.3157894736842105,-0.5087719298245614,0.5087719298245614
56,23,46,0.2826086956521739,0.2826086956521739,0.2173913043478261
56,24,48,0.16666666666666666,0.16666666666666666,0.625
56,25,81,0.654320987654321,0.654320987654321,0.024691358024691357
56,26,73,0.410958904109589,0.410958904109589,0.0
57,0,51,0.0,0.0,0.5490196078431373
57,1,45,0.0,-1.0,1.0
57,2,51,0.0,0.0,0.2549019607843137
57,3,54,0.0,0.0,0.3888888888888889
57,4,49,0.0,0.0,0.5918367346938775
57,5,53,0.0,0.0,0.11320754716981132
57,6,52,0.0,0.0,0.15384615384615385
57,7,58,0.0,0.0,0.05172413793103448
57,8,62,0.0,0.0,0.1774193548387097
57,9,66,0.0,-0.030303030303030304,0.5303030303030303
57,10,71,0.0,0.0,0.04225352112676056
57,11,68,0.0,0.0,0.2647058823529412
57,12,54,0.0,0.0,0.5
57,13,66,0.0,0.0,0.6060606060606061
57,14,60,0.0,0.0,0.2
57,15,54,0.0,-0.037037037037037035,0.5
57,16,71,0.0,-0.9859154929577465,0.9859154929577465
57,17,60,0.0,0.0,0.4166666666666667
57,18,66,0.5151515151515151,0.5151515151515151,0.18181818181818188
57,19,52,0.40384615384615385,0.40384615384615385,0.05769230769230771
57,20,92,0.18478260869565216,0.18478260869565216,0.2065217391304348
57,21,55,0.10909090909090909,-0.07272727272727274,0.3090909090909091
57,22,57,0.3684210526315789,-0.456140350877193,0.456140350877193
57,23,46,0.41304347826086957,0.41304347826086957,0.08695652173913043
57,24,48,0.4166666666666667,0.4166666666666667,0.37499999999999994
57,25,81,0.6419753086419753,0.6419753086419753,0.03703703703703709
57,26,73,0.2328767123287671,0.2328767123287671,0.1780821917808219
58,0,51,0.0,0.0,0.5490196078431373
58,1,45,0.0,-1.0,1.0
58,2,51,0.0,0.0,0.2549019607843137
58,3,54,0.0,0.0,0.3888888888888889
58,4,49,0.0,0.0,0.5918367346938775
58,5,53,0.0,0.0,0.11320754716981132
58,6,52,0.0,0.0,0.15384615384615385
58,7,58,0.0,0.0,0.05172413793103448
58,8,62,0.0,0.0,0.1774193548387097
58,9,66,0.0,-0.030303030303030304,0.5303030303030303
58,10,71,0.0,0.0,0.04225352112676056
58,11,68,0.0,0.0,0.2647058823529412
58,12,54,0.0,0.0,0.5
58,13,66,0.0,0.0,0.6060606060606061
58,14,60,0.0,0.0,0.2
58,15,54,0.0,-0.037037037037037035,0.5
58,16,71,0.0,-0.9859154929577465,0.9859154929577465
58,17,60,0.0,0.0,0.4166666666666667
58,18,66,0.6060606060606061,0.6060606060606061,0.09090909090909094
58,19,52,0.4230769230769231,0.4230769230769231,0.03846153846153849
58,20,92,0.11956521739130435,0.11956521739130435,0.2717391304347826
58,21,55,0.14545454545454545,-0.036363636363636376,0.2727272727272727
58,22,57,0.3157894736842105,-0.5087719298245614,0.5087719298245614
58,23,46,0.30434782608695654,0.30434782608695654,0.19565217391304346
58,24,48,0.1875,0.1875,0.6041666666666666
58,25,81,0.6666666666666666,0.6666666666666666,0.012345679012345734
58,26,73,0.3698630136986301,0.3698630136986301,0.0410958904109589
59,0,51,0.0,0.0,0.5490196078431373
59,1,45,0.0,-1.0,1.0
59,2,51,0.0,0.0,0.2549019607843137
59,3,54,0.0,0.0,0.3888888888888889
59,4,49,0.0,0.0,0.5918367346938775
59,5,53,0.0,0.0,0.11320754716981132
59,6,52,0.0,0.0,0.15384615384615385
59,7,58,0.0,0.0,0.05172413793103448
59,8,62,0.0,0.0,0.1774193548387097
59,9,66,0.0,-0.030303030303030304,0.5303030303030303
59,10,71,0.0,0.0,0.04225352112676056
59,11,68,0.0,0.0,0.2647058823529412
59,12,54,0.0,0.0,0.5
59,13,66,0.0,0.0,0.6060606060606061
59,14,60,0.0,0.0,0.2
59,15,54,0.0,-0.037037037037037035,0.5
59,16,71,0.0,-0.9859154929577465,0.9859154929577465
59,17,60,0.0,0.0,0.4166666666666667
59,18,66,0.6363636363636364,0.6363636363636364,0.06060606060606066
59,19,52,0.40384615384615385,0.40384615384615385,0.05769230769230771
59,20,92,0.09782608695652174,0.09782608695652174,0.29347826086956524
59,21,55,0.14545454545454545,-0.036363636363636376,0.2727272727272727
59,22,57,0.38596491228070173,-0.4385964912280702,0.4385964912280702
59,23,46,0.45652173913043476,0.45652173913043476,0.043478260869565244
59,24,48,0.3125,0.3125,0.47916666666666663
59,25,81,0.6172839506172839,0.6172839506172839,0.06172839506172845
59,26,73,0.3013698630136986,0.3013698630136986,0.1095890410958904
60,0,51,0.0,0.0,0.5490196078431373
60,1,45,0.0,-1.0,1.0
60,2,51,0.0,0.0,0.2549019607843137
60,3,54,0.0,0.0,0.3888888888888889
60,4,49,0.0,0.0,0.5918367346938775
60,5,53,0.0,0.0,0.11320754716981132
60,6,52,0.0,0.0,0.15384615384615385
60,7,58,0.0,0.0,0.05172413793103448
60,8,62,0.0,0.0,0.1774193548387097
60,9,66,0.0,-0.030303030303030304,0.5303030303030303
60,10,71,0.0,0.0,0.04225352112676056
60,11,68,0.0,0.0,0.2647058823529412
60,12,54,0.0,0.0,0.5
60,13,66,0.0,0.0,0.6060606060606061
60,14,60,0.0,0.0,0.2
60,15,54,0.0,-0.037037037037037035,0.5
60,16,71,0.0,-0.9859154929577465,0.9859154929577465
60,17,60,0.0,0.0,0.4166666666666667
60,18,66,0.5303030303030303,0.5303030303030303,0.16666666666666674
60,19,52,0.40384615384615385,0.40384615384615385,0.05769230769230771
60,20,92,0.17391304347826086,0.17391304347826086,0.2173913043478261
60,21,55,0.14545454545454545,-0.036363636363636376,0.2727272727272727
60,22,57,0.3684210526315789,-0.456140350877193,0.456140350877193
60,23,46,0.1956521739130435,0.1956521739130435,0.30434782608695654
60,24,48,0.4166666666666667,0.4166666666666667,0.37499999999999994
60,25,81,0.6790123456790124,0.6790123456790124,0.0
60,26,73,0.3150684931506849,0.3150684931506849,0.0958904109589041
61,0,51,0.0,0.0,0.5490196078431373
61,1,45,0.0,-1.0,1.0
61,2,51,0.0,0.0,0.2549019607843137
61,3,54,0.0,0.0,0.3888888888888889
61,4,49,0.0,0.0,0.5918367346938775
61,5,53,0.0,0.0,0.11320754716981132
61,6,52,0.0,0.0,0.15384615384615385
61,7,58,0.0,0.0,0.05172413793103448
61,8,62,0.0,0.0,0.1774193548387097
61,9,66,0.0,-0.030303030303030304,0.5303030303030303
61,10,71,0.0,0.0,0.04225352112676056
61,11,68,0.0,0.0,0.2647058823529412
61,12,54,0.0,0.0,0.5
61,13,66,0.0,0.0,0.6060606060606061
61,14,60,0.0,0.0,0.2
61,15,54,0.0,-0.037037037037037035,0.5
61,16,71,0.0,-0.9859154929577465,0.9859154929577465
61,17,60,0.0,0.0,0.4166666666666667
61,18,66,0.5454545454545454,0.5454545454545454,0.1515151515151516
61,19,52,0.38461538461538464,0.38461538461538464,0.07692307692307693
61,20,92,0.15217391304347827,0.15217391304347827,0.2391304347826087
61,21,55,0.18181818181818182,0.0,0.23636363636363633
61,22,57,0.3684210526315789,-0.456140350877193,0.456140350877193
61,23,46,0.32608695652173914,0.32608695652173914,0.17391304347826086
61,24,48,0.2708333333333333,0.2708333333333333,0.5208333333333333
61,25,81,0.7037037037037037,0.7037037037037037,0.0
61,26,73,0.3013698630136986,0.3013698630136986,0.1095890410958904
62,0,51,0.0,0.0,0.5490196078431373
62,1,45,0.0,-1.0,1.0
62,2,51,0.0,0.0,0.2549019607843137
62,3,54,0.0,0.0,0.3888888888888889
62,4,49,0.0,0.0,0.5918367346938775
62,5,53,0.0,0.0,0.11320754716981132
62,6,52,0.0,0.0,0.15384615384615385
62,7,58,0.0,0.0,0.05172413793103448
62,8,62,0.0,0.0,0.1774193548387097
62,9,66,0.0,-0.030303030303030304,0.5303030303030303
62,10,71,0.0,0.0,0.04225352112676056
62,11,68,0.0,0.0,0.2647058823529412
62,12,54,0.0,0.0,0.5
62,13,66,0.0,0.0,0.6060606060606061
62,14,60,0.0,0.0,0.2
62,15,54,0.0,-0.037037037037037035,0.5
62,16,71,0.0,-0.9859154929577465,0.9859154929577465
62,17,60,0.0,0.0,0.4166666666666667
62,18,66,0.5909090909090909,0.5909090909090909,0.10606060606060608
62,19,52,0.36538461538461536,0.36538461538461536,0.0961538461538462
62,20,92,0.14130434782608695,0.14130434782608695,0.25
62,21,55,0.12727272727272726,-0.054545454545454564,0.2909090909090909
62,22,57,0.38596491228070173,-0.4385964912280702,0.4385964912280702
62,23,46,0.2826086956521739,0.2826086956521739,0.2173913043478261
62,24,48,0.4166666666666667,0.4166666666666667,0.37499999999999994
62,25,81,0.6419753086419753,0.6419753086419753,0.06172839506172845
62,26,73,0.2876712328767123,0.2876712328767123,0.1232876712328767
63,0,51,0.0,0.0,0.5490196078431373
63,1,45,0.0,-1.0,1.0
63,2,51,0.0,0.0,0.2549019607843137
63,3,54,0.0,0.0,0.3888888888888889
63,4,49,0.0,0.0,0.5918367346938775
63,5,53,0.0,0.0,0.11320754716981132
63,6,52,0.0,0.0,0.15384615384615385
63,7,58,0.0,0.0,0.05172413793103448
63,8,62,0.0,0.0,0.1774193548387097
63,9,66,0.0,-0.030303030303030304,0.5303030303030303
63,10,71,0.0,0.0,0.04225352112676056
63,11,68,0.0,0.0,0.2647058823529412
63,12,54,0.0,0.0,0.5
63,13,66,0.0,0.0,0.6060606060606061
63,14,60,0.0,0.0,0.2
63,15,54,0.0,-0.037037037037037035,0.5
63,16,71,0.0,-0.9859154929577465,0.9859154929577465
63,17,60,0.0,0.0,0.4166666666666667
63,18,66,0.5454545454545454,0.5454545454545454,0.1515151515151516
63,19,52,0.38461538461538464,0.38461538461538464,0.07692307692307693
63,20,92,0.16304347826086957,0.16304347826086957,0.2282608695652174
63,21,55,0.2,0.018181818181818188,0.21818181818181814
63,22,57,0.3333333333333333,-0.4912280701754386,0.4912280701754386
63,23,46,0.45652173913043476,0.45652173913043476,0.043478260869565244
63,24,48,0.22916666666666666,0.22916666666666666,0.5625
63,25,81,0.7160493827160493,0.7160493827160493,0.0
63,26,73,0.3150684931506849,0.3150684931506849,0.0958904109589041
64,0,51,0.0,0.0,0.5490196078431373
64,1,45,0.0,-1.0,1.0
64,2,51,0.0,0.0,0.2549019607843137
64,3,54,0.0,0.0,0.3888888888888889
64,4,49,0.0,0.0,0.5918367346938775
64,5,53,0.0,0.0,0.11320754716981132
64,6,52,0.0,0.0,0.15384615384615385
64,7,58,0.0,0.0,0.05172413793103448
64,8,62,0.0,0.0,0.1774193548387097
64,9,66,0.0,-0.030303030303030304,0.5303030303030303
64,10,71,0.0,0.0,0.04225352112676056
64,11,68,0.0,0.0,0.2647058823529412
64,12,54,0.0,0.0,0.5
64,13,66,0.0,0.0,0.6060606060606061
64,14,60,0.0,0.0,0.2
64,15,54,0.0,-0.037037037037037035,0.5
64,16,71,0.0,-0.9859154929577465,0.9859154929577465
64,17,60,0.0,0.0,0.4166666666666667
64,18,66,0.5454545454545454,0.5454545454545454,0.1515151515151516
64,19,52,0.40384615384615385,0.40384615384615385,0.05769230769230771
64,20,92,0.17391304347826086,0.17391304347826086,0.2173913043478261
64,21,55,0.14545454545454545,-0.036363636363636376,0.2727272727272727
64,22,57,0.47368421052631576,-0.3508771929824562,0.3508771929824562
64,23,46,0.41304347826086957,0.41304347826086957,0.08695652173913043
64,24,48,0.4166666666666667,0.4166666666666667,0.37499999999999994
64,25,81,0.5802469135802469,0.5802469135802469,0.1358024691358024
64,26,73,0.3013698630136986,0.3013698630136986,0.1095890410958904
65,0,51,0.0,0.0,0.5490196078431373
65,1,45,0.0,-1.0,1.0
65,2,51,0.0,0.0,0.2549019607843137
65,3,54,0.0,0.0,0.3888888888888889
65,4,49,0.0,0.0,0.5918367346938775
65,5,53,0.0,0.0,0.11320754716981132
65,6,52,0.0,0.0,0.15384615384615385
65,7,58,0.0,0.0,0.05172413793103448
65,8,62,0.0,0.0,0.1774193548387097
65,9,66,0.0,-0.030303030303030304,0.5303030303030303
65,10,71,0.0,0.0,0.04225352112676056
65,11,68,0.0,0.0,0.2647058823529412
65,12,54,0.0,0.0,0.5
65,13,66,0.0,0.0,0.6060606060606061
65,14,60,0.0,0.0,0.2
65,15,54,0.0,-0.037037037037037035,0.5
65,16,71,0.0,-0.9859154929577465,0.9859154929577465
65,17,60,0.0,0.0,0.4166666666666667
65,18,66,0.5909090909090909,0.5909090909090909,0.10606060606060608
65,19,52,0.4230769230769231,0.4230769230769231,0.03846153846153849
65,20,92,0.09782608695652174,0.09782608695652174,0.29347826086956524
65,21,55,0.2,0.018181818181818188,0.21818181818181814
65,22,57,0.2807017543859649,-0.543859649122807,0.543859649122807
65,23,46,0.43478260869565216,0.43478260869565216,0.06521739130434784
65,24,48,0.25,0.25,0.5416666666666666
65,25,81,0.6419753086419753,0.6419753086419753,0.07407407407407407
65,26,73,0.3287671232876712,0.3287671232876712,0.0821917808219178
66,0,51,0.0,0.0,0.5490196078431373
66,1,45,0.0,-1.0,1.0
66,2,51,0.0,0.0,0.2549019607843137
66,3,54,0.0,0.0,0.3888888888888889
66,4,49,0.0,0.0,0.5918367346938775
66,5,53,0.0,0.0,0.11320754716981132
66,6,52,0.0,0.0,0.15384615384615385
66,7,58,0.0,0.0,0.05172413793103448
66,8,62,0.0,0.0,0.1774193548387097
66,9,66,0.0,-0.030303030303030304,0.5303030303030303
66,10,71,0.0,0.0,0.04225352112676056
66,11,68,0.0,0.0,0.2647058823529412
66,12,54,0.0,0.0,0.5
66,13,66,0.0,0.0,0.6060606060606061
66,14,60,0.0,0.0,0.2
66,15,54,0.0,-0.037037037037037035,0.5
66,16,71,0.0,-0.9859154929577465,0.9859154929577465
66,17,60,0.0,0.0,0.4166666666666667
66,18,66,0.6515151515151515,0.6515151515151515,0.045454545454545525
66,19,52,0.36538461538461536,0.36538461538461536,0.0961538461538462
66,20,92,0.14130434782608695,0.14130434782608695,0.25
66,21,55,0.10909090909090909,-0.07272727272727274,0.3090909090909091
66,22,57,0.40350877192982454,-0.4210526315789474,0.4210526315789474
66,23,46,0.3695652173913043,0.3695652173913043,0.13043478260869568
66,24,48,0.4583333333333333,0.4583333333333333,0.3333333333333333
66,25,81,0.7407407407407407,0.7407407407407407,0.0
66,26,73,0.2602739726027397,0.2602739726027397,0.1506849315068493
67,0,51,0.0,0.0,0.5490196078431373
67,1,45,0.0,-1.0,1.0
67,2,51,0.0,0.0,0.2549019607843137
67,3,54,0.0,0.0,0.3888888888888889
67,4,49,0.0,0.0,0.5918367346938775
67,5,53,0.0,0.0,0.11320754716981132
67,6,52,0.0,0.0,0.15384615384615385
67,7,58,0.0,0.0,0.05172413793103448
67,8,62,0.0,0.0,0.1774193548387097
67,9,66,0.0,-0.030303030303030304,0.5303030303030303
67,10,71,0.0,0.0,0.04225352112676056
67,11,68,0.0,0.0,0.2647058823529412
67,12,54,0.0,0.0,0.5
67,13,66,0.0,0.0,0.6060606060606061
67,14,60,0.0,0.0,0.2
67,15,54,0.0,-0.037037037037037035,0.5
67,16,71,0.0,-0.9859154929577465,0.9859154929577465
67,17,60,0.0,0.0,0.4166666666666667
67,18,66,0.6363636363636364,0.6363636363636364,0.06060606060606066
67,19,52,0.36538461538461536,0.36538461538461536,0.0961538461538462
67,20,92,0.13043478260869565,0.13043478260869565,0.26086956521739135
67,21,55,0.2545454545454545,0.0727272727272727,0.16363636363636364
67,22,57,0.3508771929824561,-0.4736842105263158,0.4736842105263158
67,23,46,0.34782608695652173,0.34782608695652173,0.15217391304347827
67,24,48,0.2916666666666667,0.2916666666666667,0.49999999999999994
67,25,81,0.5679012345679012,0.5679012345679012,0.1728395061728395
67,26,73,0.3150684931506849,0.3150684931506849,0.0958904109589041
68,0,51,0.0,0.0,0.5490196078431373
68,1,45,0.0,-1.0,1.0
68,2,51,0.0,0.0,0.2549019607843137
68,3,54,0.0,0.0,0.3888888888888889
68,4,49,0.0,0.0,0.5918367346938775
68,5,53,0.0,0.0,0.11320754716981132
68,6,52,0.0,0.0,0.15384615384615385
68,7,58,0.0,0.0,0.05172413793103448
68,8,62,0.0,0.0,0.1774193548387097
68,9,66,0.0,-0.030303030303030304,0.5303030303030303
68,10,71,0.0,0.0,0.04225352112676056
68,11,68,0.0,0.0,0.2647058823529412
68,12,54,0.0,0.0,0.5
68,13,66,0.0,0.0,0.6060606060606061
68,14,60,0.0,0.0,0.2
68,15,54,0.0,-0.037037037037037035,0.5
68,16,71,0.0,-0.9859154929577465,0.9859154929577465
68,17,60,0.0,0.0,0.4166666666666667
68,18,66,0.5454545454545454,0.5454545454545454,0.1515151515151516
68,19,52,0.40384615384615385,0.40384615384615385,0.05769230769230771
68,20,92,0.13043478260869565,0.13043478260869565,0.26086956521739135
68,21,55,0.10909090909090909,-0.07272727272727274,0.3090909090909091
68,22,57,0.3508771929824561,-0.4736842105263158,0.4736842105263158
68,23,46,0.41304347826086957,0.41304347826086957,0.08695652173913043
68,24,48,0.375,0.375,0.41666666666666663
68,25,81,0.691358024691358,0.691358024691358,0.04938271604938271
68,26,73,0.273972602739726,0.273972602739726,0.136986301369863
69,0,51,0.0,0.0,0.5490196078431373
69,1,45,0.0,-1.0,1.0
69,2,51,0.0,0.0,0.2549019607843137
69,3,54,0.0,0.0,0.3888888888888889
69,4,49,0.0,0.0,0.5918367346938775
69,5,53,0.0,0.0,0.11320754716981132
69,6,52,0.0,0.0,0.15384615384615385
69,7,58,0.0,0.0,0.05172413793103448
69,8,62,0.0,0.0,0.1774193548387097
69,9,66,0.0,-0.030303030303030304,0.5303030303030303
69,10,71,0.0,0.0,0.04225352112676056
69,11,68,0.0,0.0,0.2647058823529412
69,12,54,0.0,0.0,0.5
69,13,66,0.0,0.0,0.6060606060606061
69,14,60,0.0,0.0,0.2
69,15,54,0.0,-0.037037037037037035,0.5
69,16,71,0.0,-0.9859154929577465,0.9859154929577465
69,17,60,0.0,0.0,0.4166666666666667
69,18,66,0.6666666666666666,0.6666666666666666,0.030303030303030387
69,19,52,0.36538461538461536,0.36538461538461536,0.0961538461538462
69,20,92,0.11956521739130435,0.11956521739130435,0.2717391304347826
69,21,55,0.21818181818181817,0.03636363636363635,0.19999999999999998
69,22,57,0.3684210526315789,-0.456140350877193,0.456140350877193
69,23,46,0.32608695652173914,0.32608695652173914,0.17391304347826086
69,24,48,0.2708333333333333,0.2708333333333333,0.5208333333333333
69,25,81,0.6666666666666666,0.6666666666666666,0.07407407407407407
69,26,73,0.3013698630136986,0.3013698630136986,0.1095890410958904
70,0,51,0.0,0.0,0.5490196078431373
70,1,45,0.0,-1.0,1.0
70,2,51,0.0,0.0,0.2549019607843137
70,3,54,0.0,0.0,0.3888888888888889
70,4,49,0.0,0.0,0.5918367346938775
70,5,53,0.0,0.0,0.11320754716981132
70,6,52,0.0,0.0,0.15384615384615385
70,7,58,0.0,0.0,0.05172413793103448
70,8,62,0.0,0.0,0.1774193548387097
70,9,66,0.0,-0.030303030303030304,0.5303030303030303
70,10,71,0.0,0.0,0.04225352112676056
70,11,68,0.0,0.0,0.2647058823529412
70,12,54,0.0,0.0,0.5
70,13,66,0.0,0.0,0.6060606060606061
70,14,60,0.0,0.0,0.2
70,15,54,0.0,-0.037037037037037035,0.5
70,16,71,0.0,-0.9859154929577465,0.9859154929577465
70,17,60,0.0,0.0,0.4166666666666667
70,18,66,0.5606060606060606,0.5606060606060606,0.13636363636363646
70,19,52,0.36538461538461536,0.36538461538461536,0.0961538461538462
70,20,92,0.14130434782608695,0.14130434782608695,0.25
70,21,55,0.12727272727272726,-0.054545454545454564,0.2909090909090909
70,22,57,0.3333333333333333,-0.4912280701754386,0.4912280701754386
70,23,46,0.34782608695652173,0.34782608695652173,0.15217391304347827
70,24,48,0.4375,0.4375,0.35416666666666663
70,25,81,0.6172839506172839,0.6172839506172839,0.12345679012345678
70,26,73,0.273972602739726,0.273972602739726,0.136986301369863
71,0,51,0.0,0.0,0.5490196078431373
71,1,45,0.0,-1.0,1.0
71,2,51,0.0,0.0,0.2549019607843137
71,3,54,0.0,0.0,0.3888888888888889
71,4,49,0.0,0.0,0.5918367346938775
71,5,53,0.0,0.0,0.11320754716981132
71,6,52,0.0,0.0,0.15384615384615385
71,7,58,0.0,0.0,0.05172413793103448
71,8,62,0.0,0.0,0.1774193548387097
71,9,66,0.0,-0.030303030303030304,0.5303030303030303
71,10,71,0.0,0.0,0.04225352112676056
71,11,68,0.0,0.0,0.2647058823529412
71,12,54,0.0,0.0,0.5
71,13,66,0.0,0.0,0.6060606060606061
71,14,60,0.0,0.0,0.2
71,15,54,0.0,-0.037037037037037035,0.5
71,16,71,0.0,-0.9859154929577465,0.9859154929577465
71,17,60,0.0,0.0,0.4166666666666667
71,18,66,0.6363636363636364,0.6363636363636364,0.06060606060606066
71,19,52,0.38461538461538464,0.38461538461538464,0.07692307692307693
71,20,92,0.13043478260869565,0.13043478260869565,0.26086956521739135
71,21,55,0.2909090909090909,0.10909090909090907,0.12727272727272726
71,22,57,0.3157894736842105,-0.5087719298245614,0.5087719298245614
71,23,46,0.2608695652173913,0.2608695652173913,0.2391304347826087
71,24,48,0.2916666666666667,0.2916666666666667,0.49999999999999994
71,25,81,0.654320987654321,0.654320987654321,0.08641975308641969
71,26,73,0.3150684931506849,0.3150684931506849,0.0958904109589041
72,0,51,0.0,0.0,0.5490196078431373
72,1,45,0.0,-1.0,1.0
72,2,51,0.0,0.0,0.2549019607843137
72,3,54,0.0,0.0,0.3888888888888889
72,4,49,0.0,0.0,0.5918367346938775
72,5,53,0.0,0.0,0.11320754716981132
72,6,52,0.0,0.0,0.15384615384615385
72,7,58,0.0,0.0,0.05172413793103448
72,8,62,0.0,0.0,0.1774193548387097
72,9,66,0.0,-0.030303030303030304,0.5303030303030303
72,10,71,0.0,0.0,0.04225352112676056
72,11,68,0.0,0.0,0.2647058823529412
72,12,54,0.0,0.0,0.5
72,13,66,0.0,0.0,0.6060606060606061
72,14,60,0.0,0.0,0.2
72,15,54,0.0,-0.037037037037037035,0.5
72,16,71,0.0,-0.9859154929577465,0.9859154929577465
72,17,60,0.0,0.0,0.4166666666666667
72,18,66,0.6666666666666666,0.6666666666666666,0.030303030303030387
72,19,52,0.34615384615384615,0.34615384615384615,0.11538461538461542
72,20,92,0.11956521739130435,0.11956521739130435,0.2717391304347826
72,21,55,0.10909090909090909,-0.07272727272727274,0.3090909090909091
72,22,57,0.3508771929824561,-0.4736842105263158,0.4736842105263158
72,23,46,0.34782608695652173,0.34782608695652173,0.15217391304347827
72,24,48,0.4166666666666667,0.4166666666666667,0.37499999999999994
72,25,81,0.6172839506172839,0.6172839506172839,0.12345679012345678
72,26,73,0.2465753424657534,0.2465753424657534,0.1643835616438356
73,0,51,0.0,0.0,0.5490196078431373
73,1,45,0.0,-1.0,1.0
73,2,51,0.0,0.0,0.2549019607843137
73,3,54,0.0,0.0,0.3888888888888889
73,4,49,0.0,0.0,0.5918367346938775
73,5,53,0.0,0.0,0.11320754716981132
73,6,52,0.0,0.0,0.15384615384615385
73,7,58,0.0,0.0,0.05172413793103448
73,8,62,0.0,0.0,0.1774193548387097
73,9,66,0.0,-0.030303030303030304,0.5303030303030303
73,10,71,0.0,0.0,0.04225352112676056
73,11,68,0.0,0.0,0.2647058823529412
73,12,54,0.0,0.0,0.5
73,13,66,0.0,0.0,0.6060606060606061
73,14,60,0.0,0.0,0.2
73,15,54,0.0,-0.037037037037037035,0.5
73,16,71,0.0,-0.9859154929577465,0.9859154929577465
73,17,60,0.0,0.0,0.4166666666666667
73,18,66,0.696969696969697,0.696969696969697,0.0
73,19,52,0.40384615384615385,0.40384615384615385,0.05769230769230771
73,20,92,0.09782608695652174,0.09782608695652174,0.29347826086956524
73,21,55,0.32727272727272727,0.14545454545454545,0.09090909090909088
73,22,57,0.3508771929824561,-0.4736842105263158,0.4736842105263158
73,23,46,0.32608695652173914,0.32608695652173914,0.17391304347826086
73,24,48,0.1875,0.1875,0.6041666666666666
73,25,81,0.6172839506172839,0.6172839506172839,0.12345679012345678
73,26,73,0.3698630136986301,0.3698630136986301,0.0410958904109589
74,0,51,0.0,0.0,0.5490196078431373
74,1,45,0.0,-1.0,1.0
74,2,51,0.0,0.0,0.2549019607843137
74,3,54,0.0,0.0,0.3888888888888889
74,4,49,0.0,0.0,0.5918367346938775
74,5,53,0.0,0.0,0.11320754716981132
74,6,52,0.0,0.0,0.15384615384615385
74,7,58,0.0,0.0,0.05172413793103448
74,8,62,0.0,0.0,0.1774193548387097
74,9,66,0.0,-0.030303030303030304,0.5303030303030303
74,10,71,0.0,0.0,0.04225352112676056
74,11,68,0.0,0.0,0.2647058823529412
74,12,54,0.0,0.0,0.5
74,13,66,0.0,0.0,0.6060606060606061
74,14,60,0.0,0.0,0.2
74,15,54,0.0,-0.037037037037037035,0.5
74,16,71,0.0,-0.9859154929577465,0.9859154929577465
74,17,60,0.0,0.0,0.4166666666666667
74,18,66,0.7121212121212122,0.7121212121212122,0.0
74,19,52,0.34615384615384615,0.34615384615384615,0.11538461538461542
74,20,92,0.14130434782608695,0.14130434782608695,0.25
74,21,55,0.16363636363636364,-0.018181818181818188,0.2545454545454545
74,22,57,0.3508771929824561,-0.4736842105263158,0.4736842105263158
74,23,46,0.34782608695652173,0.34782608695652173,0.15217391304347827
74,24,48,0.5,0.5,0.29166666666666663
74,25,81,0.5555555555555556,0.5555555555555556,0.18518518518518512
74,26,73,0.2465753424657534,0.2465753424657534,0.1643835616438356
75,0,51,0.0,0.0,0.5490196078431373
75,1,45,0.0,-1.0,1.0
75,2,51,0.0,0.0,0.2549019607843137
75,3,54,0.0,0.0,0.3888888888888889
75,4,49,0.0,0.0,0.5918367346938775
75,5,53,0.0,0.0,0.11320754716981132
75,6,52,0.0,0.0,0.15384615384615385
75,7,58,0.0,0.0,0.05172413793103448
75,8,62,0.0,0.0,0.1774193548387097
75,9,66,0.0,-0.030303030303030304,0.5303030303030303
75,10,71,0.0,0.0,0.04225352112676056
75,11,68,0.0,0.0,0.2647058823529412
75,12,54,0.0,0.0,0.5
75,13,66,0.0,0.0,0.6060606060606061
75,14,60,0.0,0.0,0.2
75,15,54,0.0,-0.037037037037037035,0.5
75,16,71,0.0,-0.9859154929577465,0.9859154929577465
75,17,60,0.0,0.0,0.4166666666666667
75,18,66,0.8181818181818182,0.8181818181818182,0.0
75,19,52,0.34615384615384615,0.34615384615384615,0.11538461538461542
75,20,92,0.09782608695652174,0.09782608695652174,0.29347826086956524
75,21,55,0.2,0.018181818181818188,0.21818181818181814
75,22,57,0.43859649122807015,-0.3859649122807018,0.3859649122807018
75,23,46,0.1956521739130435,0.1956521739130435,0.30434782608695654
75,24,48,0.2708333333333333,0.2708333333333333,0.5208333333333333
75,25,81,0.6049382716049383,0.6049382716049383,0.1358024691358024
75,26,73,0.3698630136986301,0.3698630136986301,0.0410958904109589
76,0,51,0.0,0.0,0.5490196078431373
76,1,45,0.0,-1.0,1.0
76,2,51,0.0,0.0,0.2549019607843137
76,3,54,0.0,0.0,0.3888888888888889
76,4,49,0.0,0.0,0.5918367346938775
76,5,53,0.0,0.0,0.11320754716981132
76,6,52,0.0,0.0,0.15384615384615385
76,7,58,0.0,0.0,0.05172413793103448
76,8,62,0.0,0.0,0.1774193548387097
76,9,66,0.0,-0.030303030303030304,0.5303030303030303
76,10,71,0.0,0.0,0.04225352112676056
76,11,68,0.0,0.0,0.2647058823529412
76,12,54,0.0,0.0,0.5
76,13,66,0.0,0.0,0.6060606060606061
76,14,60,0.0,0.0,0.2
76,15,54,0.0,-0.037037037037037035,0.5
76,16,71,0.0,-0.9859154929577465,0.9859154929577465
76,17,60,0.0,0.0,0.4166666666666667
76,18,66,0.6060606060606061,0.6060606060606061,0.21212121212121215
76,19,52,0.36538461538461536,0.36538461538461536,0.0961538461538462
76,20,92,0.15217391304347827,0.15217391304347827,0.2391304347826087
76,21,55,0.18181818181818182,0.0,0.23636363636363633
76,22,57,0.3684210526315789,-0.456140350877193,0.456140350877193
76,23,46,0.45652173913043476,0.45652173913043476,0.043478260869565244
76,24,48,0.3125,0.3125,0.47916666666666663
76,25,81,0.6049382716049383,0.6049382716049383,0.1358024691358024
76,26,73,0.273972602739726,0.273972602739726,0.136986301369863
77,0,51,0.0,0.0,0.5490196078431373
77,1,45,0.0,-1.0,1.0
77,2,51,0.0,0.0,0.2549019607843137
77,3,54,0.0,0.0,0.3888888888888889
77,4,49,0.0,0.0,0.5918367346938775
77,5,53,0.0,0.0,0.11320754716981132
77,6,52,0.0,0.0,0.15384615384615385
77,7,58,0.0,0.0,0.05172413793103448
77,8,62,0.0,0.0,0.1774193548387097
77,9,66,0.0,-0.030303030303030304,0.5303030303030303
77,10,71,0.0,0.0,0.04225352112676056
77,11,68,0.0,0.0,0.2647058823529412
77,12,54,0.0,0.0,0.5
77,13,66,0.0,0.0,0.6060606060606061
77,14,60,0.0,0.0,0.2
77,15,54,0.0,-0.037037037037037035,0.5
77,16,71,0.0,-0.9859154929577465,0.9859154929577465
77,17,60,0.0,0.0,0.4166666666666667
77,18,66,0.696969696969697,0.696969696969697,0.12121212121212122
77,19,52,0.34615384615384615,0.34615384615384615,0.11538461538461542
77,20,92,0.13043478260869565,0.13043478260869565,0.26086956521739135
77,21,55,0.21818181818181817,0.03636363636363635,0.19999999999999998
77,22,57,0.49122807017543857,-0.33333333333333337,0.33333333333333337
77,23,46,0.2826086956521739,0.2826086956521739,0.2173913043478261
77,24,48,0.3958333333333333,0.3958333333333333,0.3958333333333333
77,25,81,0.6666666666666666,0.6666666666666666,0.07407407407407407
77,26,73,0.273972602739726,0.273972602739726,0.136986301369863
78,0,51,0.0,0.0,0.5490196078431373
78,1,45,0.0,-1.0,1.0
78,2,51,0.0,0.0,0.2549019607843137
78,3,54,0.0,0.0,0.3888888888888889
78,4,49,0.0,0.0,0.5918367346938775
78,5,53,0.0,0.0,0.11320754716981132
78,6,52,0.0,0.0,0.15384615384615385
78,7,58,0.0,0.0,0.05172413793103448
78,8,62,0.0,0.0,0.1774193548387097
78,9,66,0.0,-0.030303030303030304,0.5303030303030303
78,10,71,0.0,0.0,0.04225352112676056
78,11,68,0.0,0.0,0.2647058823529412
78,12,54,0.0,0.0,0.5
78,13,66,0.0,0.0,0.6060606060606061
78,14,60,0.0,0.0,0.2
78,15,54,0.0,-0.037037037037037035,0.5
78,16,71,0.0,-0.9859154929577465,0.9859154929577465
78,17,60,0.0,0.0,0.4166666666666667
78,18,66,0.7727272727272727,0.7727272727272727,0.045454545454545525
78,19,52,0.36538461538461536,0.36538461538461536,0.0961538461538462
78,20,92,0.11956521739130435,0.11956521739130435,0.2717391304347826
78,21,55,0.21818181818181817,0.03636363636363635,0.19999999999999998
78,22,57,0.40350877192982454,-0.4210526315789474,0.4210526315789474
78,23,46,0.45652173913043476,0.45652173913043476,0.043478260869565244
78,24,48,0.2708333333333333,0.2708333333333333,0.5208333333333333
78,25,81,0.6790123456790124,0.6790123456790124,0.061728395061728336
78,26,73,0.3150684931506849,0.3150684931506849,0.0958904109589041
79,0,51,0.0,0.0,0.5490196078431373
79,1,45,0.0,-1.0,1.0
79,2,51,0.0,0.0,0.2549019607843137
79,3,54,0.0,0.0,0.3888888888888889
79,4,49,0.0,0.0,0.5918367346938775
79,5,53,0.0,0.0,0.11320754716981132
79,6,52,0.0,0.0,0.15384615384615385
79,7,58,0.0,0.0,0.05172413793103448
79,8,62,0.0,0.0,0.1774193548387097
79,9,66,0.0,-0.030303030303030304,0.5303030303030303
79,10,71,0.0,0.0,0.04225352112676056
79,11,68,0.0,0.0,0.2647058823529412
79,12,54,0.0,0.0,0.5
79,13,66,0.0,0.0,0.6060606060606061
79,14,60,0.0,0.0,0.2
79,15,54,0.0,-0.037037037037037035,0.5
79,16,71,0.0,-0.9859154929577465,0.9859154929577465
79,17,60,0.0,0.0,0.4166666666666667
79,18,66,0.5454545454545454,0.5454545454545454,0.2727272727272728
79,19,52,0.38461538461538464,0.38461538461538464,0.07692307692307693
79,20,92,0.16304347826086957,0.16304347826086957,0.2282608695652174
79,21,55,0.21818181818181817,0.03636363636363635,0.19999999999999998
79,22,57,0.3684210526315789,-0.456140350877193,0.456140350877193
79,23,46,0.391304347826087,0.391304347826087,0.10869565217391303
79,24,48,0.2916666666666667,0.2916666666666667,0.49999999999999994
79,25,81,0.5925925925925926,0.5925925925925926,0.14814814814814814
79,26,73,0.3013698630136986,0.3013698630136986,0.1095890410958904
80,0,51,0.0,0.0,0.5490196078431373
80,1,45,0.0,-1.0,1.0
80,2,51,0.0,0.0,0.2549019607843137
80,3,54,0.0,0.0,0.3888888888888889
80,4,49,0.0,0.0,0.5918367346938775
80,5,53,0.0,0.0,0.11320754716981132
80,6,52,0.0,0.0,0.15384615384615385
80,7,58,0.0,0.0,0.05172413793103448
80,8,62,0.0,0.0,0.1774193548387097
80,9,66,0.0,-0.030303030303030304,0.5303030303030303
80,10,71,0.0,0.0,0.04225352112676056
80,11,68,0.0,0.0,0.2647058823529412
80,12,54,0.0,0.0,0.5
80,13,66,0.0,0.0,0.6060606060606061
80,14,60,0.0,0.0,0.2
80,15,54,0.0,-0.037037037037037035,0.5
80,16,71,0.0,-0.9859154929577465,0.9859154929577465
80,17,60,0.0,0.0,0.4166666666666667
80,18,66,0.7272727272727273,0.7272727272727273,0.09090909090909094
80,19,52,0.36538461538461536,0.36538461538461536,0.0961538461538462
80,20,92,0.13043478260869565,0.13043478260869565,0.26086956521739135
80,21,55,0.2,0.018181818181818188,0.21818181818181814
80,22,57,0.38596491228070173,-0.4385964912280702,0.4385964912280702
80,23,46,0.2826086956521739,0.2826086956521739,0.2173913043478261
80,24,48,0.2708333333333333,0.2708333333333333,0.5208333333333333
80,25,81,0.654320987654321,0.654320987654321,0.08641975308641969
80,26,73,0.3150684931506849,0.3150684931506849,0.0958904109589041
81,0,51,0.0,0.0,0.5490196078431373
81,1,45,0.0,-1.0,1.0
81,2,51,0.0,0.0,0.2549019607843137
81,3,54,0.0,0.0,0.3888888888888889
81,4,49,0.0,0.0,0.5918367346938775
81,5,53,0.0,0.0,0.11320754716981132
81,6,52,0.0,0.0,0.15384615384615385
81,7,58,0.0,0.0,0.05172413793103448
81,8,62,0.0,0.0,0.1774193548387097
81,9,66,0.0,-0.030303030303030304,0.5303030303030303
81,10,71,0.0,0.0,0.04225352112676056
81,11,68,0.0,0.0,0.2647058823529412
81,12,54,0.0,0.0,0.5
81,13,66,0.0,0.0,0.6060606060606061
81,14,60,0.0,0.0,0.2
81,15,54,0.0,-0.037037037037037035,0.5
81,16,71,0.0,-0.9859154929577465,0.9859154929577465
81,17,60,0.0,0.0,0.4166666666666667
81,18,66,0.6363636363636364,0.6363636363636364,0.18181818181818188
81,19,52,0.36538461538461536,0.36538461538461536,0.0961538461538462
81,20,92,0.13043478260869565,0.13043478260869565,0.26086956521739135
81,21,55,0.14545454545454545,-0.036363636363636376,0.2727272727272727
81,22,57,0.42105263157894735,-0.4035087719298246,0.4035087719298246
81,23,46,0.41304347826086957,0.41304347826086957,0.08695652173913043
81,24,48,0.3333333333333333,0.3333333333333333,0.4583333333333333
81,25,81,0.6296296296296297,0.6296296296296297,0.11111111111111105
81,26,73,0.2876712328767123,0.2876712328767123,0.1232876712328767
82,0,51,0.0,0.0,0.5490196078431373
82,1,45,0.0,-1.0,1.0
82,2,51,0.0,0.0,0.2549019607843137
82,3,54,0.0,0.0,0.3888888888888889
82,4,49,0.0,0.0,0.5918367346938775
82,5,53,0.0,0.0,0.11320754716981132
82,6,52,0.0,0.0,0.15384615384615385
82,7,58,0.0,0.0,0.05172413793103448
82,8,62,0.0,0.0,0.1774193548387097
82,9,66,0.0,-0.030303030303030304,0.5303030303030303
82,10,71,0.0,0.0,0.04225352112676056
82,11,68,0.0,0.0,0.2647058823529412
82,12,54,0.0,0.0,0.5
82,13,66,0.0,0.0,0.6060606060606061
82,14,60,0.0,0.0,0.2
82,15,54,0.0,-0.037037037037037035,0.5
82,16,71,0.0,-0.9859154929577465,0.9859154929577465
82,17,60,0.0,0.0,0.4166666666666667
82,18,66,0.5757575757575758,0.5757575757575758,0.24242424242424243
82,19,52,0.40384615384615385,0.40384615384615385,0.05769230769230771
82,20,92,0.13043478260869565,0.13043478260869565,0.26086956521739135
82,21,55,0.2909090909090909,0.10909090909090907,0.12727272727272726
82,22,57,0.38596491228070173,-0.4385964912280702,0.4385964912280702
82,23,46,0.30434782608695654,0.30434782608695654,0.19565217391304346
82,24,48,0.2916666666666667,0.2916666666666667,0.49999999999999994
82,25,81,0.7901234567901234,0.7901234567901234,0.0
82,26,73,0.2876712328767123,0.2876712328767123,0.1232876712328767
83,0,51,0.0,0.0,0.5490196078431373
83,1,45,0.0,-1.0,1.0
83,2,51,0.0,0.0,0.2549019607843137
83,3,54,0.0,0.0,0.3888888888888889
83,4,49,0.0,0.0,0.5918367346938775
83,5,53,0.0,0.0,0.11320754716981132
83,6,52,0.0,0.0,0.15384615384615385
83,7,58,0.0,0.0,0.05172413793103448
83,8,62,0.0,0.0,0.1774193548387097
83,9,66,0.0,-0.030303030303030304,0.5303030303030303
83,10,71,0.0,0.0,0.04225352112676056
83,11,68,0.0,0.0,0.2647058823529412
83,12,54,0.0,0.0,0.5
83,13,66,0.0,0.0,0.6060606060606061
83,14,60,0.0,0.0,0.2
83,15,54,0.0,-0.037037037037037035,0.5
83,16,71,0.0,-0.9859154929577465,0.9859154929577465
83,17,60,0.0,0.0,0.4166666666666667
83,18,66,0.7575757575757576,0.7575757575757576,0.06060606060606066
83,19,52,0.3269230769230769,0.3269230769230769,0.13461538461538464
83,20,92,0.10869565217391304,0.10869565217391304,0.28260869565217395
83,21,55,0.16363636363636364,-0.018181818181818188,0.2545454545454545
83,22,57,0.3508771929824561,-0.4736842105263158,0.4736842105263158
83,23,46,0.41304347826086957,0.41304347826086957,0.08695652173913043
83,24,48,0.4166666666666667,0.4166666666666667,0.37499999999999994
83,25,81,0.7160493827160493,0.7160493827160493,0.07407407407407407
83,26,73,0.2876712328767123,0.2876712328767123,0.1232876712328767
84,0,51,0.0,0.0,0.5490196078431373
84,1,45,0.0,-1.0,1.0
84,2,51,0.0,0.0,0.2549019607843137
84,3,54,0.0,0.0,0.3888888888888889
84,4,49,0.0,0.0,0.5918367346938775
84,5,53,0.0,0.0,0.11320754716981132
84,6,52,0.0,0.0,0.15384615384615385
84,7,58,0.0,0.0,0.05172413793103448
84,8,62,0.0,0.0,0.1774193548387097
84,9,66,0.0,-0.030303030303030304,0.5303030303030303
84,10,71,0.0,0.0,0.04225352112676056
84,11,68,0.0,0.0,0.2647058823529412
84,12,54,0.0,0.0,0.5
84,13,66,0.0,0.0,0.6060606060606061
84,14,60,0.0,0.0,0.2
84,15,54,0.0,-0.037037037037037035,0.5
84,16,71,0.0,-0.9859154929577465,0.9859154929577465
84,17,60,0.0,0.0,0.4166666666666667
84,18,66,0.696969696969697,0.696969696969697,0.12121212121212122
84,19,52,0.36538461538461536,0.36538461538461536,0.0961538461538462
84,20,92,0.10869565217391304,0.10869565217391304,0.28260869565217395
84,21,55,0.16363636363636364,-0.018181818181818188,0.2545454545454545
84,22,57,0.43859649122807015,-0.3859649122807018,0.3859649122807018
84,23,46,0.2391304347826087,0.2391304347826087,0.2608695652173913
84,24,48,0.3125,0.3125,0.47916666666666663
84,25,81,0.5679012345679012,0.5679012345679012,0.2222222222222222
84,26,73,0.3424657534246575,0.3424657534246575,0.0684931506849315
85,0,51,0.0,0.0,0.5490196078431373
85,1,45,0.0,-1.0,1.0
85,2,51,0.0,0.0,0.2549019607843137
85,3,54,0.0,0.0,0.3888888888888889
85,4,49,0.0,0.0,0.5918367346938775
85,5,53,0.0,0.0,0.11320754716981132
85,6,52,0.0,0.0,0.15384615384615385
85,7,58,0.0,0.0,0.05172413793103448
85,8,62,0.0,0.0,0.1774193548387097
85,9,66,0.0,-0.030303030303030304,0.5303030303030303
85,10,71,0.0,0.0,0.04225352112676056
85,11,68,0.0,0.0,0.2647058823529412
85,12,54,0.0,0.0,0.5
85,13,66,0.0,0.0,0.6060606060606061
85,14,60,0.0,0.0,0.2
85,15,54,0.0,-0.037037037037037035,0.5
85,16,71,0.0,-0.9859154929577465,0.9859154929577465
85,17,60,0.0,0.0,0.4166666666666667
85,18,66,0.6666666666666666,0.6666666666666666,0.1515151515151516
85,19,52,0.38461538461538464,0.38461538461538464,0.07692307692307693
85,20,92,0.10869565217391304,0.10869565217391304,0.28260869565217395
85,21,55,0.12727272727272726,-0.054545454545454564,0.2909090909090909
85,22,57,0.3508771929824561,-0.4736842105263158,0.4736842105263158
85,23,46,0.32608695652173914,0.32608695652173914,0.17391304347826086
85,24,48,0.4583333333333333,0.4583333333333333,0.3333333333333333
85,25,81,0.8148148148148148,0.8148148148148148,0.0
85,26,73,0.2602739726027397,0.2602739726027397,0.1506849315068493
86,0,51,0.0,0.0,0.5490196078431373
86,1,45,0.0,-1.0,1.0
86,2,51,0.0,0.0,0.2549019607843137
86,3,54,0.0,0.0,0.3888888888888889
86,4,49,0.0,0.0,0.5918367346938775
86,5,53,0.0,0.0,0.11320754716981132
86,6,52,0.0,0.0,0.15384615384615385
86,7,58,0.0,0.0,0.05172413793103448
86,8,62,0.0,0.0,0.1774193548387097
86,9,66,0.0,-0.030303030303030304,0.5303030303030303
86,10,71,0.0,0.0,0.04225352112676056
86,11,68,0.0,0.0,0.2647058823529412
86,12,54,0.0,0.0,0.5
86,13,66,0.0,0.0,0.6060606060606061
86,14,60,0.0,0.0,0.2
86,15,54,0.0,-0.037037037037037035,0.5
86,16,71,0.0,-0.9859154929577465,0.9859154929577465
86,17,60,0.0,0.0,0.4166666666666667
86,18,66,0.7121212121212122,0.7121212121212122,0.10606060606060608
86,19,52,0.36538461538461536,0.36538461538461536,0.0961538461538462
86,20,92,0.13043478260869565,0.13043478260869565,0.26086956521739135
86,21,55,0.2,0.018181818181818188,0.21818181818181814
86,22,57,0.42105263157894735,-0.4035087719298246,0.4035087719298246
86,23,46,0.30434782608695654,0.30434782608695654,0.19565217391304346
86,24,48,0.2708333333333333,0.2708333333333333,0.5208333333333333
86,25,81,0.5432098765432098,0.5432098765432098,0.2716049382716049
86,26,73,0.3698630136986301,0.3698630136986301,0.0410958904109589
87,0,51,0.0,0.0,0.5490196078431373
87,1,45,0.0,-1.0,1.0
87,2,51,0.0,0.0,0.2549019607843137
87,3,54,0.0,0.0,0.3888888888888889
87,4,49,0.0,0.0,0.5918367346938775
87,5,53,0.0,0.0,0.11320754716981132
87,6,52,0.0,0.0,0.15384615384615385
87,7,58,0.0,0.0,0.05172413793103448
87,8,62,0.0,0.0,0.1774193548387097
87,9,66,0.0,-0.030303030303030304,0.5303030303030303
87,10,71,0.0,0.0,0.04225352112676056
87,11,68,0.0,0.0,0.2647058823529412
87,12,54,0.0,0.0,0.5
87,13,66,0.0,0.0,0.6060606060606061
87,14,60,0.0,0.0,0.2
87,15,54,0.0,-0.037037037037037035,0.5
87,16,71,0.0,-0.9859154929577465,0.9859154929577465
87,17,60,0.0,0.0,0.4166666666666667
87,18,66,0.6666666666666666,0.6666666666666666,0.1515151515151516
87,19,52,0.34615384615384615,0.34615384615384615,0.11538461538461542
87,20,92,0.10869565217391304,0.10869565217391304,0.28260869565217395
87,21,55,0.12727272727272726,-0.054545454545454564,0.2909090909090909
87,22,57,0.3684210526315789,-0.456140350877193,0.456140350877193
87,23,46,0.391304347826087,0.391304347826087,0.10869565217391303
87,24,48,0.4375,0.4375,0.35416666666666663
87,25,81,0.7160493827160493,0.7160493827160493,0.09876543209876543
87,26,73,0.2328767123287671,0.2328767123287671,0.1780821917808219
88,0,51,0.0,0.0,0.5490196078431373
88,1,45,0.0,-1.0,1.0
88,2,51,0.0,0.0,0.2549019607843137
88,3,54,0.0,0.0,0.3888888888888889
88,4,49,0.0,0.0,0.5918367346938775
88,5,53,0.0,0.0,0.11320754716981132
88,6,52,0.0,0.0,0.15384615384615385
88,7,58,0.0,0.0,0.05172413793103448
88,8,62,0.0,0.0,0.1774193548387097
88,9,66,0.0,-0.030303030303030304,0.5303030303030303
88,10,71,0.0,0.0,0.04225352112676056
88,11,68,0.0,0.0,0.2647058823529412
88,12,54,0.0,0.0,0.5
88,13,66,0.0,0.0,0.6060606060606061
88,14,60,0.0,0.0,0.2
88,15,54,0.0,-0.037037037037037035,0.5
88,16,71,0.0,-0.9859154929577465,0.9859154929577465
88,17,60,0.0,0.0,0.4166666666666667
88,18,66,0.7424242424242424,0.7424242424242424,0.0757575757575758
88,19,52,0.3269230769230769,0.3269230769230769,0.13461538461538464
88,20,92,0.13043478260869565,0.13043478260869565,0.26086956521739135
88,21,55,0.2,0.018181818181818188,0.21818181818181814
88,22,57,0.38596491228070173,-0.4385964912280702,0.4385964912280702
88,23,46,0.21739130434782608,0.21739130434782608,0.28260869565217395
88,24,48,0.1875,0.1875,0.6041666666666666
88,25,81,0.6049382716049383,0.6049382716049383,0.20987654320987648
88,26,73,0.410958904109589,0.410958904109589,0.0
89,0,51,0.0,0.0,0.5490196078431373
89,1,45,0.0,-1.0,1.0
89,2,51,0.0,0.0,0.2549019607843137
89,3,54,0.0,0.0,0.3888888888888889
89,4,49,0.0,0.0,0.5918367346938775
89,5,53,0.0,0.0,0.11320754716981132
89,6,52,0.0,0.0,0.15384615384615385
89,7,58,0.0,0.0,0.05172413793103448
89,8,62,0.0,0.0,0.1774193548387097
89,9,66,0.0,-0.030303030303030304,0.5303030303030303
89,10,71,0.0,0.0,0.04225352112676056
89,11,68,0.0,0.0,0.2647058823529412
89,12,54,0.0,0.0,0.5
89,13,66,0.0,0.0,0.6060606060606061
89,14,60,0.0,0.0,0.2
89,15,54,0.0,-0.037037037037037035,0.5
89,16,71,0.0,-0.9859154929577465,0.9859154929577465
89,17,60,0.0,0.0,0.4166666666666667
89,18,66,0.696969696969697,0.696969696969697,0.12121212121212122
89,19,52,0.38461538461538464,0.38461538461538464,0.07692307692307693
89,20,92,0.09782608695652174,0.09782608695652174,0.29347826086956524
89,21,55,0.14545454545454545,-0.036363636363636376,0.2727272727272727
89,22,57,0.45614035087719296,-0.368421052631579,0.368421052631579
89,23,46,0.41304347826086957,0.41304347826086957,0.08695652173913043
89,24,48,0.5,0.5,0.29166666666666663
89,25,81,0.5555555555555556,0.5555555555555556,0.2592592592592592
89,26,73,0.2328767123287671,0.2328767123287671,0.1780821917808219
90,0,51,0.0,0.0,0.5490196078431373
90,1,45,0.0,-1.0,1.0
90,2,51,0.0,0.0,0.2549019607843137
90,3,54,0.0,0.0,0.3888888888888889
90,4,49,0.0,0.0,0.5918367346938775
90,5,53,0.0,0.0,0.11320754716981132
90,6,52,0.0,0.0,0.15384615384615385
90,7,58,0.0,0.0,0.05172413793103448
90,8,62,0.0,0.0,0.1774193548387097
90,9,66,0.0,-0.030303030303030304,0.5303030303030303
90,10,71,0.0,0.0,0.04225352112676056
90,11,68,0.0,0.0,0.2647058823529412
90,12,54,0.0,0.0,0.5
90,13,66,0.0,0.0,0.6060606060606061
90,14,60,0.0,0.0,0.2
90,15,54,0.0,-0.037037037037037035,0.5
90,16,71,0.0,-0.9859154929577465,0.9859154929577465
90,17,60,0.0,0.0,0.4166666666666667
90,18,66,0.696969696969697,0.696969696969697,0.12121212121212122
90,19,52,0.40384615384615385,0.40384615384615385,0.05769230769230771
90,20,92,0.13043478260869565,0.13043478260869565,0.26086956521739135
90,21,55,0.2727272727272727,0.09090909090909088,0.14545454545454545
90,22,57,0.38596491228070173,-0.4385964912280702,0.4385964912280702
90,23,46,0.34782608695652173,0.34782608695652173,0.15217391304347827
90,24,48,0.25,0.25,0.5416666666666666
90,25,81,0.6049382716049383,0.6049382716049383,0.20987654320987648
90,26,73,0.2876712328767123,0.2876712328767123,0.1232876712328767
