round,class_id,acc,bwt,forgetting
1,0,0.0,,
1,1,0.0,,
1,2,0.0,,
1,3,0.0,,
1,4,0.0,,
1,5,0.0,,
1,6,0.0,,
1,7,0.0,,
1,8,0.0,,
2,0,0.0,0.0,0.0
2,1,0.0,0.0,0.0
2,2,1.0,1.0,0.0
2,3,0.0,0.0,0.0
2,4,0.0,0.0,0.0
2,5,0.0,0.0,0.0
2,6,0.0,0.0,0.0
2,7,0.0,0.0,0.0
2,8,0.0,0.0,0.0
3,0,0.0,0.0,0.0
3,1,0.0,0.0,0.0
3,2,0.0,0.0,1.0
3,3,0.0,0.0,0.0
3,4,0.0,0.0,0.0
3,5,0.0,0.0,0.0
3,6,0.0,0.0,0.0
3,7,1.0,1.0,0.0
3,8,0.0,0.0,0.0
4,0,0.0,0.0,0.0
4,1,0.0,0.0,0.0
4,2,0.17647058823529413,0.17647058823529413,0.8235294117647058
4,3,0.0,0.0,0.0
4,4,0.0,0.0,0.0
4,5,0.0,0.0,0.0
4,6,0.0,0.0,0.0
4,7,0.9310344827586207,0.9310344827586207,0.06896551724137934
4,8,0.0,0.0,0.0
5,0,0.0,0.0,0.0
5,1,0.0,0.0,0.0
5,2,0.29411764705882354,0.29411764705882354,0.7058823529411764
5,3,0.018518518518518517,0.018518518518518517,0.0
5,4,0.0,0.0,0.0
5,5,0.0,0.0,0.0
5,6,0.0,0.0,0.0
5,7,0.8103448275862069,0.8103448275862069,0.18965517241379315
5,8,0.04838709677419355,0.04838709677419355,0.0
6,0,0.0,0.0,0.0
6,1,0.0,0.0,0.0
6,2,0.17647058823529413,0.17647058823529413,0.8235294117647058
6,3,0.0,0.0,0.018518518518518517
6,4,0.02040816326530612,0.02040816326530612,0.0
6,5,0.0,0.0,0.0
6,6,0.0,0.0,0.0
6,7,0.8448275862068966,0.8448275862068966,0.15517241379310343
6,8,0.0,0.0,0.04838709677419355
7,0,0.0196078431372549,0.0196078431372549,0.0
7,1,0.0,0.0,0.0
7,2,0.21568627450980393,0.21568627450980393,0.7843137254901961
7,3,0.18518518518518517,0.18518518518518517,0.0
7,4,0.02040816326530612,0.02040816326530612,0.0
7,5,0.018867924528301886,0.018867924528301886,0.0
7,6,0.0,0.0,0.0
7,7,0.7931034482758621,0.7931034482758621,0.2068965517241379
7,8,0.03225806451612903,0.03225806451612903,0.016129032258064516
7,9,0.0,,
7,10,0.0,,
7,11,0.07352941176470588,,
7,12,0.0,,
7,13,0.0,,
7,14,0.0,,
7,15,0.0,,
7,16,0.07042253521126761,,
7,17,0.016666666666666666,,
8,0,0.0,0.0,0.0196078431372549
8,1,0.0,0.0,0.0
8,2,0.27450980392156865,0.27450980392156865,0.7254901960784313
8,3,0.2037037037037037,0.2037037037037037,0.0
8,4,0.02040816326530612,0.02040816326530612,0.0
8,5,0.018867924528301886,0.018867924528301886,0.0
8,6,0.0,0.0,0.0
8,7,0.9310344827586207,0.9310344827586207,0.06896551724137934
8,8,0.03225806451612903,0.03225806451612903,0.016129032258064516
8,9,0.0,0.0,0.0
8,10,0.0,0.0,0.0
8,11,0.07352941176470588,0.0,0.0
8,12,0.037037037037037035,0.037037037037037035,0.0
8,13,0.0,0.0,0.0
8,14,0.0,0.0,0.0
8,15,0.0,0.0,0.0
8,16,0.056338028169014086,-0.014084507042253523,0.014084507042253523
8,17,0.0,-0.016666666666666666,0.016666666666666666
9,0,0.0,0.0,0.0196078431372549
9,1,0.0,0.0,0.0
9,2,0.3137254901960784,0.3137254901960784,0.6862745098039216
9,3,0.018518518518518517,0.018518518518518517,0.18518518518518517
9,4,0.0,0.0,0.02040816326530612
9,5,0.0,0.0,0.018867924528301886
9,6,0.0,0.0,0.0
9,7,0.8620689655172413,0.8620689655172413,0.13793103448275867
9,8,0.16129032258064516,0.16129032258064516,0.0
9,9,0.0,0.0,0.0
9,10,0.0,0.0,0.0
9,11,0.16176470588235295,0.08823529411764706,0.0
9,12,0.07407407407407407,0.07407407407407407,0.0
9,13,0.0,0.0,0.0
9,14,0.0,0.0,0.0
9,15,0.0,0.0,0.0
9,16,0.07042253521126761,0.0,0.0
9,17,0.0,-0.016666666666666666,0.016666666666666666
10,0,0.0,0.0,0.0196078431372549
10,1,0.0,0.0,0.0
10,2,0.39215686274509803,0.39215686274509803,0.607843137254902
10,3,0.16666666666666666,0.16666666666666666,0.037037037037037035
10,4,0.061224489795918366,0.061224489795918366,0.0
10,5,0.11320754716981132,0.11320754716981132,0.0
10,6,0.0,0.0,0.0
10,7,0.8103448275862069,0.8103448275862069,0.18965517241379315
10,8,0.016129032258064516,0.016129032258064516,0.14516129032258063
10,9,0.0,0.0,0.0
10,10,0.014084507042253521,0.014084507042253521,0.0
10,11,0.2647058823529412,0.19117647058823528,0.0
10,12,0.037037037037037035,0.037037037037037035,0.037037037037037035
10,13,0.0,0.0,0.0
10,14,0.0,0.0,0.0
10,15,0.0,0.0,0.0
10,16,0.07042253521126761,0.0,0.0
10,17,0.03333333333333333,0.016666666666666666,0.0
11,0,0.0196078431372549,0.0196078431372549,0.0
11,1,0.022222222222222223,0.022222222222222223,0.0
11,2,0.29411764705882354,0.29411764705882354,0.7058823529411764
11,3,0.12962962962962962,0.12962962962962962,0.07407407407407407
11,4,0.14285714285714285,0.14285714285714285,0.0
11,5,0.03773584905660377,0.03773584905660377,0.07547169811320756
11,6,0.0,0.0,0.0
11,7,0.7068965517241379,0.7068965517241379,0.2931034482758621
11,8,0.22580645161290322,0.22580645161290322,0.0
11,9,0.0,0.0,0.0
11,10,0.04225352112676056,0.04225352112676056,0.0
11,11,0.20588235294117646,0.13235294117647056,0.05882352941176472
11,12,0.07407407407407407,0.07407407407407407,0.0
11,13,0.030303030303030304,0.030303030303030304,0.0
11,14,0.0,0.0,0.0
11,15,0.0,0.0,0.0
11,16,0.0,-0.07042253521126761,0.07042253521126761
11,17,0.03333333333333333,0.016666666666666666,0.0
12,0,0.0,0.0,0.0196078431372549
12,1,0.0,0.0,0.022222222222222223
12,2,0.2549019607843137,0.2549019607843137,0.7450980392156863
12,3,0.16666666666666666,0.16666666666666666,0.037037037037037035
12,4,0.12244897959183673,0.12244897959183673,0.020408163265306117
12,5,0.2641509433962264,0.2641509433962264,0.0
12,6,0.0,0.0,0.0
12,7,0.7586206896551724,0.7586206896551724,0.24137931034482762
12,8,0.1774193548387097,0.1774193548387097,0.04838709677419353
12,9,0.0,0.0,0.0
12,10,0.04225352112676056,0.04225352112676056,0.0
12,11,0.3235294117647059,0.25,0.0
12,12,0.07407407407407407,0.07407407407407407,0.0
12,13,0.07575757575757576,0.07575757575757576,0.0
12,14,0.0,0.0,0.0
12,15,0.0,0.0,0.0
12,16,0.0,-0.07042253521126761,0.07042253521126761
12,17,0.03333333333333333,0.016666666666666666,0.0
13,0,0.0196078431372549,0.0196078431372549,0.0
13,1,0.0,0.0,0.022222222222222223
13,2,0.13725490196078433,0.13725490196078433,0.8627450980392157
13,3,0.2037037037037037,0.2037037037037037,0.0
13,4,0.02040816326530612,0.02040816326530612,0.12244897959183673
13,5,0.2830188679245283,0.2830188679245283,0.0
13,6,0.0,0.0,0.0
13,7,0.603448275862069,0.603448275862069,0.39655172413793105
13,8,0.3548387096774194,0.3548387096774194,0.0
13,9,0.0,0.0,0.0
13,10,0.014084507042253521,0.014084507042253521,0.02816901408450704
13,11,0.22058823529411764,0.14705882352941174,0.10294117647058826
13,12,0.07407407407407407,0.07407407407407407,0.0
13,13,0.16666666666666666,0.16666666666666666,0.0
13,14,0.0,0.0,0.0
13,15,0.018518518518518517,0.018518518518518517,0.0
13,16,0.0,-0.07042253521126761,0.07042253521126761
13,17,0.06666666666666667,0.05,0.0
13,18,0.015151515151515152,,
13,19,0.3076923076923077,,
13,20,0.0,,
13,21,0.43636363636363634,,
13,22,0.43859649122807015,,
13,23,0.45652173913043476,,
13,24,0.4791666666666667,,
13,25,0.09876543209876543,,
13,26,0.2876712328767123,,
14,0,0.058823529411764705,0.058823529411764705,0.0
14,1,0.0,0.0,0.022222222222222223
14,2,0.23529411764705882,0.23529411764705882,0.7647058823529411
14,3,0.2962962962962963,0.2962962962962963,0.0
14,4,0.04081632653061224,0.04081632653061224,0.10204081632653061
14,5,0.660377358490566,0.660377358490566,0.0
14,6,0.0,0.0,0.0
14,7,0.7068965517241379,0.7068965517241379,0.2931034482758621
14,8,0.14516129032258066,0.14516129032258066,0.20967741935483872
14,9,0.06060606060606061,0.06060606060606061,0.0
14,10,0.04225352112676056,0.04225352112676056,0.0
14,11,0.23529411764705882,0.16176470588235292,0.08823529411764708
14,12,0.05555555555555555,0.05555555555555555,0.018518518518518517
14,13,0.13636363636363635,0.13636363636363635,0.030303030303030304
14,14,0.0,0.0,0.0
14,15,0.12962962962962962,0.12962962962962962,0.0
14,16,0.028169014084507043,-0.04225352112676056,0.04225352112676056
14,17,0.06666666666666667,0.05,0.0
14,18,0.015151515151515152,0.0,0.0
14,19,0.4230769230769231,0.11538461538461536,0.0
14,20,0.0,0.0,0.0
14,21,0.41818181818181815,-0.018181818181818188,0.018181818181818188
14,22,0.5964912280701754,0.15789473684210525,0.0
14,23,0.4782608695652174,0.02173913043478265,0.0
14,24,0.4375,-0.041666666666666685,0.041666666666666685
14,25,0.09876543209876543,0.0,0.0
14,26,0.4383561643835616,0.1506849315068493,0.0
15,0,0.0392156862745098,0.0392156862745098,0.0196078431372549
15,1,0.0,0.0,0.022222222222222223
15,2,0.19607843137254902,0.19607843137254902,0.803921568627451
15,3,0.2777777777777778,0.2777777777777778,0.01851851851851849
15,4,0.0,0.0,0.14285714285714285
15,5,0.41509433962264153,0.41509433962264153,0.24528301886792447
15,6,0.0,0.0,0.0
15,7,0.5689655172413793,0.5689655172413793,0.43103448275862066
15,8,0.16129032258064516,0.16129032258064516,0.19354838709677422
15,9,0.07575757575757576,0.07575757575757576,0.0
15,10,0.04225352112676056,0.04225352112676056,0.0
15,11,0.29411764705882354,0.22058823529411764,0.02941176470588236
15,12,0.05555555555555555,0.05555555555555555,0.018518518518518517
15,13,0.13636363636363635,0.13636363636363635,0.030303030303030304
15,14,0.08333333333333333,0.08333333333333333,0.0
15,15,0.12962962962962962,0.12962962962962962,0.0
15,16,0.0,-0.07042253521126761,0.07042253521126761
15,17,0.1,0.08333333333333334,0.0
15,18,0.0,-0.015151515151515152,0.015151515151515152
15,19,0.40384615384615385,0.09615384615384615,0.019230769230769218
15,20,0.010869565217391304,0.010869565217391304,0.0
15,21,0.5272727272727272,0.09090909090909088,0.0
15,22,0.5087719298245614,0.07017543859649128,0.08771929824561397
15,23,0.2826086956521739,-0.17391304347826086,0.19565217391304351
15,24,0.5416666666666666,0.062499999999999944,0.0
15,25,0.06172839506172839,-0.037037037037037035,0.037037037037037035
15,26,0.3972602739726027,0.1095890410958904,0.0410958904109589
16,0,0.058823529411764705,0.058823529411764705,0.0
16,1,0.0,0.0,0.022222222222222223
16,2,0.0784313725490196,0.0784313725490196,0.9215686274509804
16,3,0.3148148148148148,0.3148148148148148,0.0
16,4,0.02040816326530612,0.02040816326530612,0.12244897959183673
16,5,0.49056603773584906,0.49056603773584906,0.16981132075471694
16,6,0.0,0.0,0.0
16,7,0.3620689655172414,0.3620689655172414,0.6379310344827587
16,8,0.41935483870967744,0.41935483870967744,0.0
16,9,0.09090909090909091,0.09090909090909091,0.0
16,10,0.056338028169014086,0.056338028169014086,0.0
16,11,0.36764705882352944,0.29411764705882354,0.0
16,12,0.05555555555555555,0.05555555555555555,0.018518518518518517
16,13,0.19696969696969696,0.19696969696969696,0.0
16,14,0.18333333333333332,0.18333333333333332,0.0
16,15,0.2222222222222222,0.2222222222222222,0.0
16,16,0.056338028169014086,-0.014084507042253523,0.014084507042253523
16,17,0.16666666666666666,0.15,0.0
16,18,0.015151515151515152,0.0,0.0
16,19,0.28846153846153844,-0.019230769230769273,0.13461538461538464
16,20,0.010869565217391304,0.010869565217391304,0.0
16,21,0.509090909090909,0.0727272727272727,0.018181818181818188
16,22,0.631578947368421,0.19298245614035087,0.0
16,23,0.5869565217391305,0.13043478260869573,0.0
16,24,0.5416666666666666,0.062499999999999944,0.0
16,25,0.037037037037037035,-0.06172839506172839,0.06172839506172839
16,26,0.3424657534246575,0.0547945205479452,0.0958904109589041
17,0,0.09803921568627451,0.09803921568627451,0.0
17,1,0.0,0.0,0.022222222222222223
17,2,0.19607843137254902,0.19607843137254902,0.803921568627451
17,3,0.4074074074074074,0.4074074074074074,0.0
17,4,0.0,0.0,0.14285714285714285
17,5,0.2830188679245283,0.2830188679245283,0.3773584905660377
17,6,0.0,0.0,0.0
17,7,0.43103448275862066,0.43103448275862066,0.5689655172413793
17,8,0.4032258064516129,0.4032258064516129,0.016129032258064557
17,9,0.06060606060606061,0.06060606060606061,0.030303030303030304
17,10,0.028169014084507043,0.028169014084507043,0.028169014084507043
17,11,0.29411764705882354,0.22058823529411764,0.0735294117647059
17,12,0.07407407407407407,0.07407407407407407,0.0
17,13,0.12121212121212122,0.12121212121212122,0.07575757575757575
17,14,0.15,0.15,0.033333333333333326
17,15,0.18518518518518517,0.18518518518518517,0.037037037037037035
17,16,0.0,-0.07042253521126761,0.07042253521126761
17,17,0.13333333333333333,0.11666666666666667,0.033333333333333326
17,18,0.030303030303030304,0.015151515151515152,0.0
17,19,0.36538461538461536,0.057692307692307654,0.05769230769230771
17,20,0.06521739130434782,0.06521739130434782,0.0
17,21,0.5454545454545454,0.10909090909090907,0.0
17,22,0.5964912280701754,0.15789473684210525,0.03508771929824561
17,23,0.5,0.043478260869565244,0.08695652173913049
17,24,0.5,0.020833333333333315,0.04166666666666663
17,25,0.1111111111111111,0.012345679012345678,0.0
17,26,0.3972602739726027,0.1095890410958904,0.0410958904109589
18,0,0.11764705882352941,0.11764705882352941,0.0
18,1,0.0,0.0,0.022222222222222223
18,2,0.17647058823529413,0.17647058823529413,0.8235294117647058
18,3,0.5370370370370371,0.5370370370370371,0.0
18,4,0.0,0.0,0.14285714285714285
18,5,0.37735849056603776,0.37735849056603776,0.28301886792452824
18,6,0.0,0.0,0.0
18,7,0.46551724137931033,0.46551724137931033,0.5344827586206897
18,8,0.24193548387096775,0.24193548387096775,0.1774193548387097
18,9,0.22727272727272727,0.22727272727272727,0.0
18,10,0.07042253521126761,0.07042253521126761,0.0
18,11,0.29411764705882354,0.22058823529411764,0.0735294117647059
18,12,0.09259259259259259,0.09259259259259259,0.0
18,13,0.24242424242424243,0.24242424242424243,0.0
18,14,0.18333333333333332,0.18333333333333332,0.0
18,15,0.14814814814814814,0.14814814814814814,0.07407407407407407
18,16,0.08450704225352113,0.014084507042253516,0.0
18,17,0.23333333333333334,0.21666666666666667,0.0
18,18,0.030303030303030304,0.015151515151515152,0.0
18,19,0.25,-0.05769230769230771,0.17307692307692307
18,20,0.05434782608695652,0.05434782608695652,0.010869565217391304
18,21,0.41818181818181815,-0.018181818181818188,0.12727272727272726
18,22,0.5263157894736842,0.08771929824561403,0.10526315789473684
18,23,0.5217391304347826,0.06521739130434784,0.0652173913043479
18,24,0.4791666666666667,0.0,0.062499999999999944
18,25,0.037037037037037035,-0.06172839506172839,0.07407407407407407
18,26,0.3835616438356164,0.0958904109589041,0.0547945205479452
