metric,treatment,reference,n,diff,ci_lo,ci_hi,dz,p_wilcoxon,p_ttest,p_wilcoxon_holm,p_ttest_holm
client_eval_acc_tail,LOO_noKD,A4_full,10,-0.008439222953616664,-0.02233894052230806,0.0054604946150747305,-0.4343294308723279,0.232421875,0.2028474543093117,0.46484375,0.4056949086186234
client_eval_acc_tail,LOO_noExp,A4_full,10,0.0034013981089762056,-0.0092447668935977,0.016047563111550114,0.19240723387022468,0.625,0.5579337914725685,0.625,0.5579337914725685
client_eval_acc_tail,LOO_noInc,A4_full,10,-0.013367406688656458,-0.025413688148660296,-0.0013211252286526188,-0.7938106644277099,0.037109375,0.0332971090736904,0.111328125,0.09989132722107119
client_eval_acc_tail,LOO_noLocal,A4_full,10,-0.08166166204643835,-0.1202247266911083,-0.0430985974017684,-1.5148493626280404,0.001953125,0.0009868788681393957,0.0078125,0.003947515472557583
server_eval_acc_tail,LOO_noKD,A4_full,10,-0.003393188854489171,-0.007339399479266725,0.0005530217702883838,-0.6151068230065254,0.080078125,0.08361686530723125,0.240234375,0.2508505959216938
server_eval_acc_tail,LOO_noExp,A4_full,10,0.004247678018575849,-0.002305127388687157,0.010800483425838853,0.463710672921874,0.275390625,0.17659342866385808,0.38671875,0.35318685732771615
server_eval_acc_tail,LOO_noInc,A4_full,10,0.003566563467492248,-0.002278049141150964,0.00941117607613546,0.43653291978329123,0.193359375,0.2007682890982638,0.38671875,0.35318685732771615
server_eval_acc_tail,LOO_noLocal,A4_full,10,-0.011145510835913312,-0.02031713233733616,-0.0019738893344904626,-0.8693139098473002,0.013671875,0.02251317273721228,0.0546875,0.09005269094884912
personalization_gain_tail,LOO_noKD,A4_full,10,0.0009952610902337455,-0.008012113452892558,0.010002635633360048,0.07904266562179521,0.76953125,0.8082342134884752,1.0,0.9909965251113201
personalization_gain_tail,LOO_noExp,A4_full,10,-0.004730336137448643,-0.01979504279149051,0.010334370516593224,-0.22462293499612154,0.76953125,0.49549826255566004,1.0,0.9909965251113201
personalization_gain_tail,LOO_noInc,A4_full,10,-0.007347353242717292,-0.01802188384860237,0.003327177363167788,-0.4923851058974009,0.09765625,0.15388267865801109,0.29296875,0.46164803597403326
personalization_gain_tail,LOO_noLocal,A4_full,10,-0.07601598700367848,-0.09418908994534822,-0.05784288406200874,-2.992255171931657,0.001953125,5.657142822724858e-06,0.0078125,2.262857129089943e-05
