profile,seed,round,server_eval_acc,server_eval_acc_tail,server_eval_loss_tail,client_eval_acc,client_eval_acc_global,client_eval_acc_tail,client_eval_acc_global_tail,personalization_gain_tail,status
A0_protos,0,150,0.23095975232198143,0.22637770897832818,5.9562782991486065,0.6551724137931035,0.6551724137931035,0.6482758620689655,0.6482758620689655,0.0,ok
A0_protos,1,150,0.21857585139318886,0.225015479876161,5.718847353908669,0.6283783783783784,0.6283783783783784,0.6378378378378379,0.6378378378378379,0.0,ok
A0_protos,2,150,0.2371517027863777,0.2375232198142415,6.015576504450464,0.6506849315068493,0.6506849315068493,0.6534246575342466,0.6534246575342466,0.0,ok
A0_protos,3,150,0.24891640866873066,0.2414860681114551,5.82870997000774,0.6928571428571428,0.6928571428571428,0.6771428571428573,0.6771428571428573,0.0,ok
A0_protos,4,150,0.22538699690402478,0.2163467492260062,6.951361503482973,0.6233766233766234,0.6233766233766234,0.6064935064935064,0.6064935064935064,0.0,ok
A0_protos,5,150,0.2452012383900929,0.24953560371517028,6.148530742066564,0.6986301369863014,0.6986301369863014,0.6972602739726027,0.6972602739726027,0.0,ok
A0_protos,6,150,0.21176470588235294,0.2096594427244582,6.867785289280185,0.6133333333333333,0.6133333333333333,0.6159999999999999,0.6159999999999999,0.0,ok
A0_protos,7,150,0.22972136222910217,0.22959752321981425,6.876681743421052,0.6122448979591837,0.6122448979591837,0.6204081632653061,0.6204081632653061,0.0,ok
A0_protos,8,150,0.22972136222910217,0.23814241486068113,6.922480892027863,0.6217948717948718,0.6217948717948718,0.6423076923076924,0.6423076923076924,0.0,ok
A0_protos,9,150,0.2086687306501548,0.21510835913312693,5.3205860584365325,0.6027397260273972,0.6027397260273972,0.6013698630136985,0.6013698630136985,0.0,ok
